{
  "records": [
    {
      "t": 0,
      "action": "DUP",
      "K_rf": 1,
      "K_vlc": 1,
      "p_est": 0.8294859902002759,
      "snr_rf_true": 8.068865278252963,
      "snr_vlc_true": -15.0,
      "success": false
    },
    {
      "t": 1,
      "action": "DUP",
      "K_rf": 1,
      "K_vlc": 1,
      "p_est": 0.8315183561121104,
      "snr_rf_true": 8.26278712981403,
      "snr_vlc_true": 13.339864499277404,
      "success": true
    },
    {
      "t": 2,
      "action": "DUP",
      "K_rf": 1,
      "K_vlc": 1,
      "p_est": 0.8234074830176634,
      "snr_rf_true": 7.9056384193765705,
      "snr_vlc_true": 13.268302639599726,
      "success": true
    },
    {
      "t": 3,
      "action": "DUP",
      "K_rf": 1,
      "K_vlc": 1,
      "p_est": 0.8183760882223006,
      "snr_rf_true": 7.51022076591826,
      "snr_vlc_true": 12.791257105347663,
      "success": true
    },
    {
      "t": 4,
      "action": "DUP",
      "K_rf": 1,
      "K_vlc": 1,
      "p_est": 0.8939463496447954,
      "snr_rf_true": 7.469206185647393,
      "snr_vlc_true": 13.722541838975332,
      "success": true
    },
    {
      "t": 5,
      "action": "DUP",
      "K_rf": 1,
      "K_vlc": 1,
      "p_est": 0.9669867524294016,
      "snr_rf_true": 7.552546470675074,
      "snr_vlc_true": 13.050103457273106,
      "success": true
    },
    {
      "t": 6,
      "action": "DUP",
      "K_rf": 1,
      "K_vlc": 1,
      "p_est": 0.9070335647889066,
      "snr_rf_true": 7.026403028843013,
      "snr_vlc_true": 12.83618157494995,
      "success": true
    },
    {
      "t": 7,
      "action": "DUP",
      "K_rf": 1,
      "K_vlc": 1,
      "p_est": 0.8771480058202175,
      "snr_rf_true": 7.279464496175317,
      "snr_vlc_true": 12.333513142502479,
      "success": true
    },
    {
      "t": 8,
      "action": "DUP",
      "K_rf": 1,
      "K_vlc": 1,
      "p_est": 0.8991393119111123,
      "snr_rf_true": 6.633078033094126,
      "snr_vlc_true": 13.423997332719708,
      "success": true
    },
    {
      "t": 9,
      "action": "DUP",
      "K_rf": 1,
      "K_vlc": 1,
      "p_est": 0.917224976154297,
      "snr_rf_true": 6.543150744271367,
      "snr_vlc_true": 14.344093965232572,
      "success": true
    },
    {
      "t": 10,
      "action": "DUP",
      "K_rf": 1,
      "K_vlc": 1,
      "p_est": 0.978187080814546,
      "snr_rf_true": 6.826307012143455,
      "snr_vlc_true": 13.268392390683886,
      "success": true
    },
    {
      "t": 11,
      "action": "DUP",
      "K_rf": 1,
      "K_vlc": 1,
      "p_est": 0.866006819764499,
      "snr_rf_true": 7.113145856744447,
      "snr_vlc_true": 13.480144837396523,
      "success": true
    },
    {
      "t": 12,
      "action": "DUP",
      "K_rf": 1,
      "K_vlc": 1,
      "p_est": 0.8624413112508359,
      "snr_rf_true": 6.927311675589095,
      "snr_vlc_true": 12.53535259527779,
      "success": true
    },
    {
      "t": 13,
      "action": "DUP",
      "K_rf": 1,
      "K_vlc": 1,
      "p_est": 0.8450515689481692,
      "snr_rf_true": 6.850046959146151,
      "snr_vlc_true": 13.65079469427042,
      "success": true
    },
    {
      "t": 14,
      "action": "DUP",
      "K_rf": 1,
      "K_vlc": 1,
      "p_est": 0.797899929687487,
      "snr_rf_true": 6.947541584443377,
      "snr_vlc_true": 13.996138472659657,
      "success": true
    },
    {
      "t": 15,
      "action": "DUP",
      "K_rf": 1,
      "K_vlc": 1,
      "p_est": 0.9719712839661433,
      "snr_rf_true": 6.287459261472066,
      "snr_vlc_true": 13.348830905770036,
      "success": true
    },
    {
      "t": 16,
      "action": "DUP",
      "K_rf": 1,
      "K_vlc": 1,
      "p_est": 0.9742908398061519,
      "snr_rf_true": 6.493467920045479,
      "snr_vlc_true": 12.799235362095462,
      "success": true
    },
    {
      "t": 17,
      "action": "DUP",
      "K_rf": 1,
      "K_vlc": 1,
      "p_est": 0.8157956175805329,
      "snr_rf_true": 6.92915043884697,
      "snr_vlc_true": 13.17427340559489,
      "success": true
    },
    {
      "t": 18,
      "action": "DUP",
      "K_rf": 1,
      "K_vlc": 1,
      "p_est": 0.9496850412297901,
      "snr_rf_true": 6.835992682199643,
      "snr_vlc_true": 14.206635367250751,
      "success": true
    },
    {
      "t": 19,
      "action": "DUP",
      "K_rf": 1,
      "K_vlc": 1,
      "p_est": 0.9668906177654278,
      "snr_rf_true": 7.470783242858964,
      "snr_vlc_true": 14.115690086712057,
      "success": true
    },
    {
      "t": 20,
      "action": "DUP",
      "K_rf": 1,
      "K_vlc": 1,
      "p_est": 0.8998758976632988,
      "snr_rf_true": 7.777866984434873,
      "snr_vlc_true": 14.621640073571712,
      "success": true
    },
    {
      "t": 21,
      "action": "DUP",
      "K_rf": 1,
      "K_vlc": 1,
      "p_est": 0.9760827433304367,
      "snr_rf_true": 7.089894319355587,
      "snr_vlc_true": 13.862827979278922,
      "success": true
    },
    {
      "t": 22,
      "action": "DUP",
      "K_rf": 1,
      "K_vlc": 1,
      "p_est": 0.966647662599355,
      "snr_rf_true": 6.825922853726594,
      "snr_vlc_true": 13.776561036898027,
      "success": true
    },
    {
      "t": 23,
      "action": "DUP",
      "K_rf": 1,
      "K_vlc": 1,
      "p_est": 0.9675962039845559,
      "snr_rf_true": 6.4809912630063655,
      "snr_vlc_true": 14.628159736391193,
      "success": true
    },
    {
      "t": 24,
      "action": "DUP",
      "K_rf": 1,
      "K_vlc": 1,
      "p_est": 0.9821208380174369,
      "snr_rf_true": 7.003511622279668,
      "snr_vlc_true": 14.969634326916367,
      "success": true
    },
    {
      "t": 25,
      "action": "DUP",
      "K_rf": 1,
      "K_vlc": 1,
      "p_est": 0.9779277072375805,
      "snr_rf_true": 6.641820398187636,
      "snr_vlc_true": 13.667247855291812,
      "success": false
    },
    {
      "t": 26,
      "action": "DUP",
      "K_rf": 1,
      "K_vlc": 1,
      "p_est": 0.9014452074992889,
      "snr_rf_true": 6.152035955238929,
      "snr_vlc_true": 13.716977649905258,
      "success": true
    },
    {
      "t": 27,
      "action": "DUP",
      "K_rf": 1,
      "K_vlc": 1,
      "p_est": 0.9239722895535487,
      "snr_rf_true": 6.833552935351206,
      "snr_vlc_true": 14.562491299946858,
      "success": true
    },
    {
      "t": 28,
      "action": "DUP",
      "K_rf": 1,
      "K_vlc": 1,
      "p_est": 0.977883239997257,
      "snr_rf_true": 7.089557298728006,
      "snr_vlc_true": 14.614643941228435,
      "success": true
    },
    {
      "t": 29,
      "action": "DUP",
      "K_rf": 1,
      "K_vlc": 1,
      "p_est": 0.9774949005992248,
      "snr_rf_true": 6.947598945528911,
      "snr_vlc_true": -15.0,
      "success": false
    },
    {
      "t": 30,
      "action": "DUP",
      "K_rf": 1,
      "K_vlc": 1,
      "p_est": 0.8733127645659619,
      "snr_rf_true": 6.852579079611558,
      "snr_vlc_true": 13.013306149406203,
      "success": true
    },
    {
      "t": 31,
      "action": "DUP",
      "K_rf": 1,
      "K_vlc": 1,
      "p_est": 0.8640168106387278,
      "snr_rf_true": 6.1078508400553275,
      "snr_vlc_true": 13.164325894797027,
      "success": true
    },
    {
      "t": 32,
      "action": "DUP",
      "K_rf": 1,
      "K_vlc": 1,
      "p_est": 0.7287676814462318,
      "snr_rf_true": 6.502390016554412,
      "snr_vlc_true": 12.874183095511674,
      "success": true
    },
    {
      "t": 33,
      "action": "DUP",
      "K_rf": 1,
      "K_vlc": 1,
      "p_est": 0.9155536466839783,
      "snr_rf_true": 6.564969501421563,
      "snr_vlc_true": 12.890530192290852,
      "success": true
    },
    {
      "t": 34,
      "action": "DUP",
      "K_rf": 1,
      "K_vlc": 1,
      "p_est": 0.9174988484652846,
      "snr_rf_true": 7.23545562538378,
      "snr_vlc_true": 12.877376280733412,
      "success": true
    },
    {
      "t": 35,
      "action": "DUP",
      "K_rf": 1,
      "K_vlc": 1,
      "p_est": 0.9020792087503486,
      "snr_rf_true": 7.197968771447087,
      "snr_vlc_true": 11.789894964275806,
      "success": false
    },
    {
      "t": 36,
      "action": "DUP",
      "K_rf": 1,
      "K_vlc": 1,
      "p_est": 0.7676094900433394,
      "snr_rf_true": 7.134069064746679,
      "snr_vlc_true": 11.137694091043407,
      "success": true
    },
    {
      "t": 37,
      "action": "DUP",
      "K_rf": 1,
      "K_vlc": 1,
      "p_est": 0.6348063839088037,
      "snr_rf_true": 7.470753963250865,
      "snr_vlc_true": 10.964178528767965,
      "success": true
    },
    {
      "t": 38,
      "action": "DUP",
      "K_rf": 1,
      "K_vlc": 1,
      "p_est": 0.5920576671804101,
      "snr_rf_true": 6.437590940341291,
      "snr_vlc_true": 10.223755951668622,
      "success": true
    },
    {
      "t": 39,
      "action": "VLC",
      "K_rf": 0,
      "K_vlc": 2,
      "p_est": 0.5414122282588061,
      "snr_rf_true": 7.431381460698317,
      "snr_vlc_true": 9.589935259099933,
      "success": false
    },
    {
      "t": 40,
      "action": "VLC",
      "K_rf": 0,
      "K_vlc": 2,
      "p_est": 0.5103364996311036,
      "snr_rf_true": 7.102065377246627,
      "snr_vlc_true": 9.505391107552098,
      "success": false
    },
    {
      "t": 41,
      "action": "VLC",
      "K_rf": 0,
      "K_vlc": 2,
      "p_est": 0.5136854496106171,
      "snr_rf_true": 6.895019164189272,
      "snr_vlc_true": 9.98024295777674,
      "success": true
    },
    {
      "t": 42,
      "action": "VLC",
      "K_rf": 0,
      "K_vlc": 2,
      "p_est": 0.44512948364706606,
      "snr_rf_true": 7.716052834279775,
      "snr_vlc_true": 10.378589925317831,
      "success": false
    },
    {
      "t": 43,
      "action": "DUP",
      "K_rf": 1,
      "K_vlc": 1,
      "p_est": 0.5540312486987633,
      "snr_rf_true": 7.626006712195077,
      "snr_vlc_true": 11.033252770688206,
      "success": true
    },
    {
      "t": 44,
      "action": "VLC",
      "K_rf": 0,
      "K_vlc": 2,
      "p_est": 0.5917954851981254,
      "snr_rf_true": 9.327783793580034,
      "snr_vlc_true": 11.154571221983348,
      "success": true
    },
    {
      "t": 45,
      "action": "DUP",
      "K_rf": 1,
      "K_vlc": 1,
      "p_est": 0.7005882499549507,
      "snr_rf_true": 8.97425086816713,
      "snr_vlc_true": 12.278003410562158,
      "success": true
    },
    {
      "t": 46,
      "action": "DUP",
      "K_rf": 1,
      "K_vlc": 1,
      "p_est": 0.7719819164030636,
      "snr_rf_true": 8.365443638724125,
      "snr_vlc_true": 11.809691912621247,
      "success": true
    },
    {
      "t": 47,
      "action": "DUP",
      "K_rf": 1,
      "K_vlc": 1,
      "p_est": 0.8572621314132096,
      "snr_rf_true": 7.655501864269801,
      "snr_vlc_true": 11.0569528377861,
      "success": false
    },
    {
      "t": 48,
      "action": "DUP",
      "K_rf": 0,
      "K_vlc": 0,
      "p_est": 0.45585306658748825,
      "snr_rf_true": 7.050519800902845,
      "snr_vlc_true": 12.147176171075982,
      "success": false
    },
    {
      "t": 49,
      "action": "DUP",
      "K_rf": 1,
      "K_vlc": 1,
      "p_est": 0.680112849072954,
      "snr_rf_true": 8.071845807673455,
      "snr_vlc_true": 12.33038341727027,
      "success": true
    },
    {
      "t": 50,
      "action": "DUP",
      "K_rf": 1,
      "K_vlc": 1,
      "p_est": 0.7957324094868812,
      "snr_rf_true": 7.398643482816023,
      "snr_vlc_true": 12.49350933877322,
      "success": true
    },
    {
      "t": 51,
      "action": "DUP",
      "K_rf": 1,
      "K_vlc": 1,
      "p_est": 0.7763892373444774,
      "snr_rf_true": 7.875486489624722,
      "snr_vlc_true": 13.097272444309974,
      "success": true
    },
    {
      "t": 52,
      "action": "DUP",
      "K_rf": 1,
      "K_vlc": 1,
      "p_est": 0.8187574945528939,
      "snr_rf_true": 9.167809297867516,
      "snr_vlc_true": 12.527697891602743,
      "success": true
    },
    {
      "t": 53,
      "action": "DUP",
      "K_rf": 1,
      "K_vlc": 1,
      "p_est": 0.8173132600318563,
      "snr_rf_true": 9.094522307625066,
      "snr_vlc_true": 13.067283048733998,
      "success": true
    },
    {
      "t": 54,
      "action": "DUP",
      "K_rf": 1,
      "K_vlc": 1,
      "p_est": 0.8099130471105058,
      "snr_rf_true": 8.575664105437735,
      "snr_vlc_true": 14.947859294987985,
      "success": true
    },
    {
      "t": 55,
      "action": "DUP",
      "K_rf": 1,
      "K_vlc": 1,
      "p_est": 0.9224122866749195,
      "snr_rf_true": 8.006775536077296,
      "snr_vlc_true": 14.638778425737499,
      "success": true
    },
    {
      "t": 56,
      "action": "DUP",
      "K_rf": 1,
      "K_vlc": 1,
      "p_est": 0.9320685880022719,
      "snr_rf_true": 8.785437796547713,
      "snr_vlc_true": 14.701514860223067,
      "success": true
    },
    {
      "t": 57,
      "action": "DUP",
      "K_rf": 1,
      "K_vlc": 1,
      "p_est": 0.9696332841732714,
      "snr_rf_true": 7.130173208110962,
      "snr_vlc_true": 14.519118339257922,
      "success": true
    },
    {
      "t": 58,
      "action": "DUP",
      "K_rf": 1,
      "K_vlc": 1,
      "p_est": 0.9656165381678544,
      "snr_rf_true": 7.583460983671395,
      "snr_vlc_true": 13.449133866334126,
      "success": true
    },
    {
      "t": 59,
      "action": "DUP",
      "K_rf": 1,
      "K_vlc": 1,
      "p_est": 0.9612141818296788,
      "snr_rf_true": 7.083223701740148,
      "snr_vlc_true": 13.732913013711446,
      "success": true
    },
    {
      "t": 60,
      "action": "DUP",
      "K_rf": 1,
      "K_vlc": 1,
      "p_est": 0.8805153826662383,
      "snr_rf_true": 7.594425357571513,
      "snr_vlc_true": 14.435796018045282,
      "success": true
    },
    {
      "t": 61,
      "action": "DUP",
      "K_rf": 1,
      "K_vlc": 1,
      "p_est": 0.7921651614832482,
      "snr_rf_true": 7.761512628838096,
      "snr_vlc_true": 14.185507939897112,
      "success": true
    },
    {
      "t": 62,
      "action": "DUP",
      "K_rf": 1,
      "K_vlc": 1,
      "p_est": 0.9325844752091342,
      "snr_rf_true": 8.001547870237093,
      "snr_vlc_true": 13.796720589994457,
      "success": true
    },
    {
      "t": 63,
      "action": "DUP",
      "K_rf": 1,
      "K_vlc": 1,
      "p_est": 0.8934628762368179,
      "snr_rf_true": 8.565694237602203,
      "snr_vlc_true": 13.766139411297278,
      "success": true
    },
    {
      "t": 64,
      "action": "DUP",
      "K_rf": 1,
      "K_vlc": 1,
      "p_est": 0.8888118300656878,
      "snr_rf_true": 8.901500647850282,
      "snr_vlc_true": 13.860206377017672,
      "success": true
    },
    {
      "t": 65,
      "action": "DUP",
      "K_rf": 1,
      "K_vlc": 1,
      "p_est": 0.9481148824087868,
      "snr_rf_true": 9.371792302077363,
      "snr_vlc_true": -15.0,
      "success": true
    },
    {
      "t": 66,
      "action": "DUP",
      "K_rf": 1,
      "K_vlc": 1,
      "p_est": 0.8704381434886858,
      "snr_rf_true": 9.129942542766619,
      "snr_vlc_true": -15.0,
      "success": false
    },
    {
      "t": 67,
      "action": "DUP",
      "K_rf": 1,
      "K_vlc": 1,
      "p_est": 0.8566500192914456,
      "snr_rf_true": 9.258563718155528,
      "snr_vlc_true": -15.0,
      "success": true
    },
    {
      "t": 68,
      "action": "DUP",
      "K_rf": 1,
      "K_vlc": 1,
      "p_est": 0.8432639495770359,
      "snr_rf_true": 8.249980096701414,
      "snr_vlc_true": -15.0,
      "success": false
    },
    {
      "t": 69,
      "action": "DUP",
      "K_rf": 1,
      "K_vlc": 1,
      "p_est": 0.8468081650137766,
      "snr_rf_true": 8.099196237746712,
      "snr_vlc_true": -15.0,
      "success": true
    },
    {
      "t": 70,
      "action": "DUP",
      "K_rf": 1,
      "K_vlc": 1,
      "p_est": 0.8361960425243792,
      "snr_rf_true": 8.433996480948297,
      "snr_vlc_true": -15.0,
      "success": false
    },
    {
      "t": 71,
      "action": "DUP",
      "K_rf": 1,
      "K_vlc": 1,
      "p_est": 0.8333000390444549,
      "snr_rf_true": 9.215750326958993,
      "snr_vlc_true": -15.0,
      "success": true
    },
    {
      "t": 72,
      "action": "DUP",
      "K_rf": 1,
      "K_vlc": 1,
      "p_est": 0.844444500913702,
      "snr_rf_true": 9.686877953705089,
      "snr_vlc_true": -15.0,
      "success": true
    },
    {
      "t": 73,
      "action": "DUP",
      "K_rf": 1,
      "K_vlc": 1,
      "p_est": 0.8580685143373947,
      "snr_rf_true": 9.137266808880675,
      "snr_vlc_true": -15.0,
      "success": false
    },
    {
      "t": 74,
      "action": "DUP",
      "K_rf": 1,
      "K_vlc": 1,
      "p_est": 0.8459776396133225,
      "snr_rf_true": 9.513373137809799,
      "snr_vlc_true": -15.0,
      "success": false
    },
    {
      "t": 75,
      "action": "DUP",
      "K_rf": 1,
      "K_vlc": 1,
      "p_est": 0.8553617106494796,
      "snr_rf_true": 8.823090430007728,
      "snr_vlc_true": 10.037185097894975,
      "success": true
    },
    {
      "t": 76,
      "action": "DUP",
      "K_rf": 1,
      "K_vlc": 1,
      "p_est": 0.5841842977729799,
      "snr_rf_true": 9.410389309954974,
      "snr_vlc_true": 9.563240993120727,
      "success": true
    },
    {
      "t": 77,
      "action": "RF",
      "K_rf": 2,
      "K_vlc": 0,
      "p_est": 0.5653679876891956,
      "snr_rf_true": 8.889731266906546,
      "snr_vlc_true": 9.571136811621134,
      "success": false
    },
    {
      "t": 78,
      "action": "RF",
      "K_rf": 2,
      "K_vlc": 0,
      "p_est": 0.5374785302527199,
      "snr_rf_true": 9.037616920899861,
      "snr_vlc_true": 10.484673258702149,
      "success": true
    },
    {
      "t": 79,
      "action": "RF",
      "K_rf": 2,
      "K_vlc": 0,
      "p_est": 0.5494386896698534,
      "snr_rf_true": 9.26633818015185,
      "snr_vlc_true": 10.789484596556004,
      "success": true
    },
    {
      "t": 80,
      "action": "RF",
      "K_rf": 2,
      "K_vlc": 0,
      "p_est": 0.5340445749496046,
      "snr_rf_true": 9.388908685301674,
      "snr_vlc_true": 11.30869577444795,
      "success": true
    },
    {
      "t": 81,
      "action": "DUP",
      "K_rf": 1,
      "K_vlc": 1,
      "p_est": 0.590914979674736,
      "snr_rf_true": 10.466090379024333,
      "snr_vlc_true": 10.50268354794156,
      "success": true
    },
    {
      "t": 82,
      "action": "DUP",
      "K_rf": 1,
      "K_vlc": 1,
      "p_est": 0.6995559760530117,
      "snr_rf_true": 10.107375542367029,
      "snr_vlc_true": 10.854383434138258,
      "success": true
    },
    {
      "t": 83,
      "action": "DUP",
      "K_rf": 1,
      "K_vlc": 1,
      "p_est": 0.6901141554297081,
      "snr_rf_true": 8.355739559604935,
      "snr_vlc_true": 10.514414697486664,
      "success": true
    },
    {
      "t": 84,
      "action": "DUP",
      "K_rf": 1,
      "K_vlc": 1,
      "p_est": 0.6673522970841066,
      "snr_rf_true": 8.890512684967812,
      "snr_vlc_true": 10.6481944849399,
      "success": false
    },
    {
      "t": 85,
      "action": "DUP",
      "K_rf": 1,
      "K_vlc": 1,
      "p_est": 0.7294336778338539,
      "snr_rf_true": 8.673208190626138,
      "snr_vlc_true": 12.36119617913994,
      "success": true
    },
    {
      "t": 86,
      "action": "DUP",
      "K_rf": 1,
      "K_vlc": 1,
      "p_est": 0.7952789211174349,
      "snr_rf_true": 9.223169538410685,
      "snr_vlc_true": 11.714972951374662,
      "success": true
    },
    {
      "t": 87,
      "action": "DUP",
      "K_rf": 1,
      "K_vlc": 1,
      "p_est": 0.8206705763207635,
      "snr_rf_true": 9.447993690169943,
      "snr_vlc_true": 11.700241405689027,
      "success": false
    },
    {
      "t": 88,
      "action": "DUP",
      "K_rf": 1,
      "K_vlc": 1,
      "p_est": 0.8420493584106264,
      "snr_rf_true": 9.326232889539932,
      "snr_vlc_true": 11.412652793473235,
      "success": true
    },
    {
      "t": 89,
      "action": "DUP",
      "K_rf": 1,
      "K_vlc": 1,
      "p_est": 0.822722747801676,
      "snr_rf_true": 10.341832262771648,
      "snr_vlc_true": 12.307323195236599,
      "success": false
    },
    {
      "t": 90,
      "action": "DUP",
      "K_rf": 1,
      "K_vlc": 1,
      "p_est": 0.8431957989019677,
      "snr_rf_true": 10.509680586827548,
      "snr_vlc_true": 12.317898755921892,
      "success": true
    },
    {
      "t": 91,
      "action": "DUP",
      "K_rf": 1,
      "K_vlc": 1,
      "p_est": 0.8850769463667694,
      "snr_rf_true": 10.303446270100073,
      "snr_vlc_true": 12.09240550795393,
      "success": false
    },
    {
      "t": 92,
      "action": "DUP",
      "K_rf": 1,
      "K_vlc": 1,
      "p_est": 0.8866887225513569,
      "snr_rf_true": 10.118945168321224,
      "snr_vlc_true": 12.697770555285233,
      "success": true
    },
    {
      "t": 93,
      "action": "DUP",
      "K_rf": 1,
      "K_vlc": 1,
      "p_est": 0.822154301660965,
      "snr_rf_true": 10.61984191337065,
      "snr_vlc_true": 13.429282889188904,
      "success": true
    },
    {
      "t": 94,
      "action": "DUP",
      "K_rf": 1,
      "K_vlc": 1,
      "p_est": 0.8968208209599653,
      "snr_rf_true": 10.299561267048976,
      "snr_vlc_true": 13.073835950133624,
      "success": true
    },
    {
      "t": 95,
      "action": "DUP",
      "K_rf": 1,
      "K_vlc": 1,
      "p_est": 0.8901296897891472,
      "snr_rf_true": 10.992169298333824,
      "snr_vlc_true": 13.118638143258316,
      "success": true
    },
    {
      "t": 96,
      "action": "DUP",
      "K_rf": 1,
      "K_vlc": 1,
      "p_est": 0.8962980357405109,
      "snr_rf_true": 8.676837897657213,
      "snr_vlc_true": 13.372025590850065,
      "success": true
    },
    {
      "t": 97,
      "action": "DUP",
      "K_rf": 1,
      "K_vlc": 1,
      "p_est": 0.8972227554034783,
      "snr_rf_true": 8.687797979029769,
      "snr_vlc_true": 12.768498918848104,
      "success": true
    },
    {
      "t": 98,
      "action": "DUP",
      "K_rf": 1,
      "K_vlc": 1,
      "p_est": 0.8537066621248501,
      "snr_rf_true": 9.388934083890774,
      "snr_vlc_true": 12.737842887763257,
      "success": true
    },
    {
      "t": 99,
      "action": "DUP",
      "K_rf": 1,
      "K_vlc": 1,
      "p_est": 0.8743357732697347,
      "snr_rf_true": 8.935210487691746,
      "snr_vlc_true": 13.517689991101943,
      "success": true
    },
    {
      "t": 100,
      "action": "DUP",
      "K_rf": 1,
      "K_vlc": 1,
      "p_est": 0.9403908081173005,
      "snr_rf_true": 8.146008175814297,
      "snr_vlc_true": 13.651012167564502,
      "success": true
    },
    {
      "t": 101,
      "action": "DUP",
      "K_rf": 1,
      "K_vlc": 1,
      "p_est": 0.8608904144530387,
      "snr_rf_true": 7.738398842476061,
      "snr_vlc_true": 14.384260799846782,
      "success": true
    },
    {
      "t": 102,
      "action": "DUP",
      "K_rf": 1,
      "K_vlc": 1,
      "p_est": 0.9695655317408522,
      "snr_rf_true": 8.149029686911131,
      "snr_vlc_true": 13.657188930831795,
      "success": true
    },
    {
      "t": 103,
      "action": "DUP",
      "K_rf": 1,
      "K_vlc": 1,
      "p_est": 0.9191058641112223,
      "snr_rf_true": 8.066993476751387,
      "snr_vlc_true": 14.436060182574295,
      "success": true
    },
    {
      "t": 104,
      "action": "DUP",
      "K_rf": 1,
      "K_vlc": 1,
      "p_est": 0.9854012651906244,
      "snr_rf_true": 7.124484437054278,
      "snr_vlc_true": 14.10401487786296,
      "success": true
    },
    {
      "t": 105,
      "action": "DUP",
      "K_rf": 1,
      "K_vlc": 1,
      "p_est": 0.9579902251352539,
      "snr_rf_true": 7.0469774382237045,
      "snr_vlc_true": 14.434210930420484,
      "success": true
    },
    {
      "t": 106,
      "action": "DUP",
      "K_rf": 1,
      "K_vlc": 1,
      "p_est": 0.9733152393765968,
      "snr_rf_true": 7.047975994995345,
      "snr_vlc_true": 15.226886969826761,
      "success": true
    },
    {
      "t": 107,
      "action": "DUP",
      "K_rf": 1,
      "K_vlc": 1,
      "p_est": 0.9783442963951376,
      "snr_rf_true": 8.09865827501454,
      "snr_vlc_true": 15.473705084666339,
      "success": true
    },
    {
      "t": 108,
      "action": "DUP",
      "K_rf": 1,
      "K_vlc": 1,
      "p_est": 0.9879902863987606,
      "snr_rf_true": 7.46628653014659,
      "snr_vlc_true": 13.903503455868465,
      "success": true
    },
    {
      "t": 109,
      "action": "DUP",
      "K_rf": 1,
      "K_vlc": 1,
      "p_est": 0.9801113530607776,
      "snr_rf_true": 7.653014574455033,
      "snr_vlc_true": 14.305024914595462,
      "success": true
    },
    {
      "t": 110,
      "action": "DUP",
      "K_rf": 1,
      "K_vlc": 1,
      "p_est": 0.9734897260420904,
      "snr_rf_true": 8.14610538542682,
      "snr_vlc_true": 14.170489214056156,
      "success": true
    },
    {
      "t": 111,
      "action": "DUP",
      "K_rf": 1,
      "K_vlc": 1,
      "p_est": 0.972406944892788,
      "snr_rf_true": 8.364570748619247,
      "snr_vlc_true": -15.0,
      "success": false
    },
    {
      "t": 112,
      "action": "DUP",
      "K_rf": 1,
      "K_vlc": 1,
      "p_est": 0.8746862104559547,
      "snr_rf_true": 8.867637461679173,
      "snr_vlc_true": 12.760076217651255,
      "success": true
    },
    {
      "t": 113,
      "action": "DUP",
      "K_rf": 1,
      "K_vlc": 1,
      "p_est": 0.8682993876435722,
      "snr_rf_true": 9.641495253231334,
      "snr_vlc_true": 12.611534578463415,
      "success": true
    },
    {
      "t": 114,
      "action": "DUP",
      "K_rf": 1,
      "K_vlc": 1,
      "p_est": 0.8916530326417195,
      "snr_rf_true": 10.128282231197227,
      "snr_vlc_true": 12.26120707648134,
      "success": false
    },
    {
      "t": 115,
      "action": "DUP",
      "K_rf": 1,
      "K_vlc": 1,
      "p_est": 0.8964286550333587,
      "snr_rf_true": 9.45091308194507,
      "snr_vlc_true": 11.738631653659084,
      "success": true
    },
    {
      "t": 116,
      "action": "DUP",
      "K_rf": 1,
      "K_vlc": 1,
      "p_est": 0.7989867535911456,
      "snr_rf_true": 9.406346460946741,
      "snr_vlc_true": 11.342447527514905,
      "success": false
    },
    {
      "t": 117,
      "action": "DUP",
      "K_rf": 1,
      "K_vlc": 1,
      "p_est": 0.7225342839313206,
      "snr_rf_true": 9.511999540408375,
      "snr_vlc_true": 11.40749859340109,
      "success": false
    },
    {
      "t": 118,
      "action": "DUP",
      "K_rf": 1,
      "K_vlc": 1,
      "p_est": 0.7546550770639164,
      "snr_rf_true": 8.856862180359492,
      "snr_vlc_true": 11.995561361696407,
      "success": true
    },
    {
      "t": 119,
      "action": "DUP",
      "K_rf": 1,
      "K_vlc": 1,
      "p_est": 0.7881304447309849,
      "snr_rf_true": 8.119618584689373,
      "snr_vlc_true": 12.517135301299787,
      "success": true
    },
    {
      "t": 120,
      "action": "DUP",
      "K_rf": 1,
      "K_vlc": 1,
      "p_est": 0.7203639181786259,
      "snr_rf_true": 7.254932855116884,
      "snr_vlc_true": 12.55116551381617,
      "success": true
    },
    {
      "t": 121,
      "action": "DUP",
      "K_rf": 1,
      "K_vlc": 1,
      "p_est": 0.7860710436022577,
      "snr_rf_true": 8.547075296001733,
      "snr_vlc_true": 12.74127632363937,
      "success": true
    },
    {
      "t": 122,
      "action": "DUP",
      "K_rf": 1,
      "K_vlc": 1,
      "p_est": 0.8757039721261566,
      "snr_rf_true": 7.778610827652802,
      "snr_vlc_true": 12.407905231297487,
      "success": true
    },
    {
      "t": 123,
      "action": "DUP",
      "K_rf": 1,
      "K_vlc": 1,
      "p_est": 0.8241613634206053,
      "snr_rf_true": 7.427178828615319,
      "snr_vlc_true": 12.236252159475626,
      "success": true
    },
    {
      "t": 124,
      "action": "DUP",
      "K_rf": 1,
      "K_vlc": 1,
      "p_est": 0.7104202925182155,
      "snr_rf_true": 7.722073943063557,
      "snr_vlc_true": 13.368922281630045,
      "success": true
    },
    {
      "t": 125,
      "action": "DUP",
      "K_rf": 1,
      "K_vlc": 1,
      "p_est": 0.9063020704463894,
      "snr_rf_true": 8.236069489892419,
      "snr_vlc_true": 12.775150444582659,
      "success": true
    },
    {
      "t": 126,
      "action": "DUP",
      "K_rf": 1,
      "K_vlc": 1,
      "p_est": 0.7845466805879056,
      "snr_rf_true": 8.046672654669617,
      "snr_vlc_true": 13.172136107056911,
      "success": true
    },
    {
      "t": 127,
      "action": "DUP",
      "K_rf": 1,
      "K_vlc": 1,
      "p_est": 0.9210474484332604,
      "snr_rf_true": 8.24188083223022,
      "snr_vlc_true": 13.460816990771072,
      "success": true
    },
    {
      "t": 128,
      "action": "DUP",
      "K_rf": 1,
      "K_vlc": 1,
      "p_est": 0.9293205371660089,
      "snr_rf_true": 8.900793338575363,
      "snr_vlc_true": 13.300144463862923,
      "success": true
    },
    {
      "t": 129,
      "action": "DUP",
      "K_rf": 1,
      "K_vlc": 1,
      "p_est": 0.8887767737831234,
      "snr_rf_true": 8.532829938420248,
      "snr_vlc_true": 12.774389607211072,
      "success": true
    },
    {
      "t": 130,
      "action": "DUP",
      "K_rf": 1,
      "K_vlc": 1,
      "p_est": 0.8139155461130283,
      "snr_rf_true": 8.442106425001272,
      "snr_vlc_true": 13.766745611535352,
      "success": true
    },
    {
      "t": 131,
      "action": "DUP",
      "K_rf": 1,
      "K_vlc": 1,
      "p_est": 0.9685427821253769,
      "snr_rf_true": 8.714804030541119,
      "snr_vlc_true": -15.0,
      "success": true
    },
    {
      "t": 132,
      "action": "DUP",
      "K_rf": 1,
      "K_vlc": 1,
      "p_est": 0.8773996349417599,
      "snr_rf_true": 8.30165439467312,
      "snr_vlc_true": -15.0,
      "success": false
    },
    {
      "t": 133,
      "action": "DUP",
      "K_rf": 1,
      "K_vlc": 1,
      "p_est": 0.8516573900862672,
      "snr_rf_true": 7.360011351112141,
      "snr_vlc_true": -15.0,
      "success": false
    },
    {
      "t": 134,
      "action": "DUP",
      "K_rf": 1,
      "K_vlc": 1,
      "p_est": 0.829917754523654,
      "snr_rf_true": 6.845175683120461,
      "snr_vlc_true": 13.822951050043045,
      "success": true
    },
    {
      "t": 135,
      "action": "DUP",
      "K_rf": 1,
      "K_vlc": 1,
      "p_est": 0.958866381633593,
      "snr_rf_true": 6.246240137006738,
      "snr_vlc_true": 12.904667024213657,
      "success": true
    },
    {
      "t": 136,
      "action": "DUP",
      "K_rf": 1,
      "K_vlc": 1,
      "p_est": 0.8838020219387019,
      "snr_rf_true": 6.327325008995108,
      "snr_vlc_true": 13.10822059992431,
      "success": true
    },
    {
      "t": 137,
      "action": "DUP",
      "K_rf": 1,
      "K_vlc": 1,
      "p_est": 0.9392094638508159,
      "snr_rf_true": 6.510542359852692,
      "snr_vlc_true": 13.636487641743006,
      "success": true
    },
    {
      "t": 138,
      "action": "DUP",
      "K_rf": 1,
      "K_vlc": 1,
      "p_est": 0.946170791544352,
      "snr_rf_true": 6.863499009169856,
      "snr_vlc_true": 13.888119360468677,
      "success": true
    },
    {
      "t": 139,
      "action": "DUP",
      "K_rf": 1,
      "K_vlc": 1,
      "p_est": 0.8877888100599347,
      "snr_rf_true": 7.824763218137954,
      "snr_vlc_true": 14.641267492806694,
      "success": true
    },
    {
      "t": 140,
      "action": "DUP",
      "K_rf": 1,
      "K_vlc": 1,
      "p_est": 0.9776629039346041,
      "snr_rf_true": 7.743035538835963,
      "snr_vlc_true": 13.465599928976864,
      "success": true
    },
    {
      "t": 141,
      "action": "DUP",
      "K_rf": 1,
      "K_vlc": 1,
      "p_est": 0.8240857878713884,
      "snr_rf_true": 7.586912120919668,
      "snr_vlc_true": 13.451318112496446,
      "success": true
    },
    {
      "t": 142,
      "action": "DUP",
      "K_rf": 1,
      "K_vlc": 1,
      "p_est": 0.8593826052814921,
      "snr_rf_true": 7.54829355401403,
      "snr_vlc_true": 13.545615242910744,
      "success": true
    },
    {
      "t": 143,
      "action": "DUP",
      "K_rf": 1,
      "K_vlc": 1,
      "p_est": 0.9637471364710714,
      "snr_rf_true": 7.056917558443469,
      "snr_vlc_true": 13.173033423562647,
      "success": true
    },
    {
      "t": 144,
      "action": "DUP",
      "K_rf": 1,
      "K_vlc": 1,
      "p_est": 0.9441548698078518,
      "snr_rf_true": 7.41392111564457,
      "snr_vlc_true": 13.741161851527291,
      "success": true
    },
    {
      "t": 145,
      "action": "DUP",
      "K_rf": 1,
      "K_vlc": 1,
      "p_est": 0.9614169472428435,
      "snr_rf_true": 7.302674990713751,
      "snr_vlc_true": -15.0,
      "success": true
    },
    {
      "t": 146,
      "action": "DUP",
      "K_rf": 1,
      "K_vlc": 1,
      "p_est": 0.8531164743383923,
      "snr_rf_true": 8.358186151087871,
      "snr_vlc_true": -15.0,
      "success": true
    },
    {
      "t": 147,
      "action": "DUP",
      "K_rf": 1,
      "K_vlc": 1,
      "p_est": 0.8332193517120546,
      "snr_rf_true": 8.361941142408766,
      "snr_vlc_true": -15.0,
      "success": false
    },
    {
      "t": 148,
      "action": "DUP",
      "K_rf": 1,
      "K_vlc": 1,
      "p_est": 0.8250370134532166,
      "snr_rf_true": 7.690587569603494,
      "snr_vlc_true": 11.769590535904749,
      "success": true
    },
    {
      "t": 149,
      "action": "DUP",
      "K_rf": 1,
      "K_vlc": 1,
      "p_est": 0.8011958191871551,
      "snr_rf_true": 6.658914005621097,
      "snr_vlc_true": 11.435218832645674,
      "success": true
    },
    {
      "t": 150,
      "action": "DUP",
      "K_rf": 1,
      "K_vlc": 1,
      "p_est": 0.5879663818686864,
      "snr_rf_true": 7.152573241937141,
      "snr_vlc_true": 11.28307460556931,
      "success": false
    },
    {
      "t": 151,
      "action": "DUP",
      "K_rf": 1,
      "K_vlc": 1,
      "p_est": 0.762125837814459,
      "snr_rf_true": 6.209372361910211,
      "snr_vlc_true": 12.658482995674827,
      "success": true
    },
    {
      "t": 152,
      "action": "DUP",
      "K_rf": 1,
      "K_vlc": 1,
      "p_est": 0.9335705794160466,
      "snr_rf_true": 6.429081422086124,
      "snr_vlc_true": 13.220338348348873,
      "success": true
    },
    {
      "t": 153,
      "action": "DUP",
      "K_rf": 1,
      "K_vlc": 1,
      "p_est": 0.9065774285626184,
      "snr_rf_true": 6.2762040394737015,
      "snr_vlc_true": 14.630799809035778,
      "success": true
    },
    {
      "t": 154,
      "action": "DUP",
      "K_rf": 1,
      "K_vlc": 1,
      "p_est": 0.9667685058322051,
      "snr_rf_true": 5.965733791875129,
      "snr_vlc_true": 14.750770149023806,
      "success": true
    },
    {
      "t": 155,
      "action": "DUP",
      "K_rf": 1,
      "K_vlc": 1,
      "p_est": 0.8950847520144826,
      "snr_rf_true": 6.639892461035058,
      "snr_vlc_true": 14.233021818949453,
      "success": true
    },
    {
      "t": 156,
      "action": "DUP",
      "K_rf": 1,
      "K_vlc": 1,
      "p_est": 0.9686639359230833,
      "snr_rf_true": 6.150183917493039,
      "snr_vlc_true": 15.773335235225591,
      "success": true
    },
    {
      "t": 157,
      "action": "DUP",
      "K_rf": 1,
      "K_vlc": 1,
      "p_est": 0.9744686817374844,
      "snr_rf_true": 7.039377006094141,
      "snr_vlc_true": 15.256185523736303,
      "success": true
    },
    {
      "t": 158,
      "action": "DUP",
      "K_rf": 1,
      "K_vlc": 1,
      "p_est": 0.9762630162474855,
      "snr_rf_true": 6.718941543628744,
      "snr_vlc_true": 14.472035437016238,
      "success": true
    },
    {
      "t": 159,
      "action": "DUP",
      "K_rf": 1,
      "K_vlc": 1,
      "p_est": 0.9586889293251866,
      "snr_rf_true": 6.926835607518345,
      "snr_vlc_true": 14.79273786984186,
      "success": true
    },
    {
      "t": 160,
      "action": "DUP",
      "K_rf": 1,
      "K_vlc": 1,
      "p_est": 0.9620844934293176,
      "snr_rf_true": 6.284100015673674,
      "snr_vlc_true": 14.589637250733363,
      "success": true
    },
    {
      "t": 161,
      "action": "DUP",
      "K_rf": 1,
      "K_vlc": 1,
      "p_est": 0.970439801806285,
      "snr_rf_true": 6.613059325022726,
      "snr_vlc_true": 14.132205551106892,
      "success": true
    },
    {
      "t": 162,
      "action": "DUP",
      "K_rf": 1,
      "K_vlc": 1,
      "p_est": 0.9664700857736376,
      "snr_rf_true": 6.309662788835645,
      "snr_vlc_true": 14.237989424105825,
      "success": true
    },
    {
      "t": 163,
      "action": "DUP",
      "K_rf": 1,
      "K_vlc": 1,
      "p_est": 0.9813372330317518,
      "snr_rf_true": 6.0647366819293325,
      "snr_vlc_true": 14.397547950784553,
      "success": true
    },
    {
      "t": 164,
      "action": "DUP",
      "K_rf": 1,
      "K_vlc": 1,
      "p_est": 0.9648028654506725,
      "snr_rf_true": 6.791630709197602,
      "snr_vlc_true": 14.294307772781963,
      "success": true
    },
    {
      "t": 165,
      "action": "DUP",
      "K_rf": 1,
      "K_vlc": 1,
      "p_est": 0.9554471189198384,
      "snr_rf_true": 6.375254443775795,
      "snr_vlc_true": 13.702851139903487,
      "success": true
    },
    {
      "t": 166,
      "action": "DUP",
      "K_rf": 1,
      "K_vlc": 1,
      "p_est": 0.9335084905922232,
      "snr_rf_true": 6.450290842238642,
      "snr_vlc_true": 13.165694305043838,
      "success": true
    },
    {
      "t": 167,
      "action": "DUP",
      "K_rf": 1,
      "K_vlc": 1,
      "p_est": 0.847391185770535,
      "snr_rf_true": 6.543760111663039,
      "snr_vlc_true": 13.033434960413794,
      "success": true
    },
    {
      "t": 168,
      "action": "DUP",
      "K_rf": 1,
      "K_vlc": 1,
      "p_est": 0.8592860544317864,
      "snr_rf_true": 6.0882889883886815,
      "snr_vlc_true": 12.984769696940994,
      "success": true
    },
    {
      "t": 169,
      "action": "DUP",
      "K_rf": 1,
      "K_vlc": 1,
      "p_est": 0.8538607610975003,
      "snr_rf_true": 6.224823003519374,
      "snr_vlc_true": 12.296430581410398,
      "success": true
    },
    {
      "t": 170,
      "action": "DUP",
      "K_rf": 1,
      "K_vlc": 1,
      "p_est": 0.853516118466753,
      "snr_rf_true": 7.551323224097384,
      "snr_vlc_true": 12.283722100277988,
      "success": false
    },
    {
      "t": 171,
      "action": "DUP",
      "K_rf": 1,
      "K_vlc": 1,
      "p_est": 0.8340597701644789,
      "snr_rf_true": 7.778347380856056,
      "snr_vlc_true": 12.496770078361513,
      "success": true
    },
    {
      "t": 172,
      "action": "DUP",
      "K_rf": 1,
      "K_vlc": 1,
      "p_est": 0.8282365955563573,
      "snr_rf_true": 8.084847707103938,
      "snr_vlc_true": 13.733077014198702,
      "success": true
    },
    {
      "t": 173,
      "action": "DUP",
      "K_rf": 1,
      "K_vlc": 1,
      "p_est": 0.882400784103705,
      "snr_rf_true": 8.12901267598237,
      "snr_vlc_true": 13.708835261651497,
      "success": true
    },
    {
      "t": 174,
      "action": "DUP",
      "K_rf": 1,
      "K_vlc": 1,
      "p_est": 0.9685766595915134,
      "snr_rf_true": 8.094286772520583,
      "snr_vlc_true": 13.231755075668614,
      "success": false
    },
    {
      "t": 175,
      "action": "DUP",
      "K_rf": 1,
      "K_vlc": 1,
      "p_est": 0.9019788625095106,
      "snr_rf_true": 7.227253378539084,
      "snr_vlc_true": 12.817939430355393,
      "success": true
    },
    {
      "t": 176,
      "action": "DUP",
      "K_rf": 1,
      "K_vlc": 1,
      "p_est": 0.8508858004486953,
      "snr_rf_true": 7.64169164610071,
      "snr_vlc_true": 12.403645944504184,
      "success": true
    },
    {
      "t": 177,
      "action": "DUP",
      "K_rf": 1,
      "K_vlc": 1,
      "p_est": 0.8165943994239702,
      "snr_rf_true": 7.781747283906663,
      "snr_vlc_true": 12.888500242361518,
      "success": true
    },
    {
      "t": 178,
      "action": "DUP",
      "K_rf": 1,
      "K_vlc": 1,
      "p_est": 0.84239366332494,
      "snr_rf_true": 8.168331228966165,
      "snr_vlc_true": 12.966012767183518,
      "success": true
    },
    {
      "t": 179,
      "action": "DUP",
      "K_rf": 1,
      "K_vlc": 1,
      "p_est": 0.8069712145519374,
      "snr_rf_true": 7.6315654578840775,
      "snr_vlc_true": 11.578674193964744,
      "success": true
    },
    {
      "t": 180,
      "action": "DUP",
      "K_rf": 1,
      "K_vlc": 1,
      "p_est": 0.7172679874844685,
      "snr_rf_true": 8.085025400894231,
      "snr_vlc_true": 11.686793875373926,
      "success": true
    },
    {
      "t": 181,
      "action": "DUP",
      "K_rf": 1,
      "K_vlc": 1,
      "p_est": 0.7938506605921181,
      "snr_rf_true": 7.12042319098636,
      "snr_vlc_true": 12.52076116660944,
      "success": false
    },
    {
      "t": 182,
      "action": "DUP",
      "K_rf": 1,
      "K_vlc": 1,
      "p_est": 0.8459983148622323,
      "snr_rf_true": 7.0089614595277885,
      "snr_vlc_true": 13.309482756111612,
      "success": true
    },
    {
      "t": 183,
      "action": "DUP",
      "K_rf": 1,
      "K_vlc": 1,
      "p_est": 0.8524656965186724,
      "snr_rf_true": 7.222921918521157,
      "snr_vlc_true": 12.805759358682385,
      "success": true
    },
    {
      "t": 184,
      "action": "DUP",
      "K_rf": 1,
      "K_vlc": 1,
      "p_est": 0.8680045185603427,
      "snr_rf_true": 6.765302790986929,
      "snr_vlc_true": 12.89253358344882,
      "success": true
    },
    {
      "t": 185,
      "action": "DUP",
      "K_rf": 1,
      "K_vlc": 1,
      "p_est": 0.7937857306583762,
      "snr_rf_true": 6.996556644198898,
      "snr_vlc_true": 12.825550161282628,
      "success": true
    },
    {
      "t": 186,
      "action": "DUP",
      "K_rf": 1,
      "K_vlc": 1,
      "p_est": 0.819880077956149,
      "snr_rf_true": 6.488683150869117,
      "snr_vlc_true": 12.131424780164346,
      "success": true
    },
    {
      "t": 187,
      "action": "DUP",
      "K_rf": 1,
      "K_vlc": 1,
      "p_est": 0.8148252681340242,
      "snr_rf_true": 7.941483997331908,
      "snr_vlc_true": 12.50009083734273,
      "success": true
    },
    {
      "t": 188,
      "action": "DUP",
      "K_rf": 1,
      "K_vlc": 1,
      "p_est": 0.7278487717593393,
      "snr_rf_true": 7.738165947374771,
      "snr_vlc_true": 12.85880506089315,
      "success": true
    },
    {
      "t": 189,
      "action": "DUP",
      "K_rf": 1,
      "K_vlc": 1,
      "p_est": 0.8401395183879045,
      "snr_rf_true": 8.387266751507765,
      "snr_vlc_true": 14.05678561501299,
      "success": true
    },
    {
      "t": 190,
      "action": "DUP",
      "K_rf": 1,
      "K_vlc": 1,
      "p_est": 0.9379578827991095,
      "snr_rf_true": 6.7602497084924025,
      "snr_vlc_true": 13.494473597957015,
      "success": true
    },
    {
      "t": 191,
      "action": "DUP",
      "K_rf": 1,
      "K_vlc": 1,
      "p_est": 0.8365699555019603,
      "snr_rf_true": 6.700140845258947,
      "snr_vlc_true": 12.825991544632874,
      "success": true
    },
    {
      "t": 192,
      "action": "DUP",
      "K_rf": 1,
      "K_vlc": 1,
      "p_est": 0.8249602953166874,
      "snr_rf_true": 6.650541561232036,
      "snr_vlc_true": 13.188206160103185,
      "success": false
    },
    {
      "t": 193,
      "action": "DUP",
      "K_rf": 1,
      "K_vlc": 1,
      "p_est": 0.9043830204344414,
      "snr_rf_true": 6.5334042612448435,
      "snr_vlc_true": 12.025913937513474,
      "success": true
    },
    {
      "t": 194,
      "action": "DUP",
      "K_rf": 1,
      "K_vlc": 1,
      "p_est": 0.788958300158112,
      "snr_rf_true": 5.986153734588814,
      "snr_vlc_true": -15.0,
      "success": false
    },
    {
      "t": 195,
      "action": "DUP",
      "K_rf": 1,
      "K_vlc": 1,
      "p_est": 0.7977475677261683,
      "snr_rf_true": 5.6856287775479455,
      "snr_vlc_true": -15.0,
      "success": false
    },
    {
      "t": 196,
      "action": "DUP",
      "K_rf": 1,
      "K_vlc": 1,
      "p_est": 0.8016437975666778,
      "snr_rf_true": 6.315565676951088,
      "snr_vlc_true": -15.0,
      "success": false
    },
    {
      "t": 197,
      "action": "DUP",
      "K_rf": 1,
      "K_vlc": 1,
      "p_est": 0.8002858486139284,
      "snr_rf_true": 6.364892675722983,
      "snr_vlc_true": -15.0,
      "success": false
    },
    {
      "t": 198,
      "action": "DUP",
      "K_rf": 1,
      "K_vlc": 1,
      "p_est": 0.8088936698384779,
      "snr_rf_true": 6.683550411048683,
      "snr_vlc_true": -15.0,
      "success": false
    },
    {
      "t": 199,
      "action": "DUP",
      "K_rf": 1,
      "K_vlc": 1,
      "p_est": 0.803578075638538,
      "snr_rf_true": 6.681148001685566,
      "snr_vlc_true": 11.868219595339381,
      "success": false
    }
  ]
}