{
  "records": [
    {
      "t": 0,
      "action": "DUP",
      "K_rf": 1,
      "K_vlc": 1,
      "p_est": 0.8294859902002759,
      "snr_rf_true": 3.0688652782529635,
      "snr_vlc_true": -15.0,
      "success": false
    },
    {
      "t": 1,
      "action": "DUP",
      "K_rf": 1,
      "K_vlc": 1,
      "p_est": 0.7809668474605432,
      "snr_rf_true": 3.2627871298140296,
      "snr_vlc_true": 18.201002936457222,
      "success": true
    },
    {
      "t": 2,
      "action": "DUP",
      "K_rf": 1,
      "K_vlc": 1,
      "p_est": 0.9986695452249827,
      "snr_rf_true": 2.9056384193765714,
      "snr_vlc_true": 18.276974960878384,
      "success": true
    },
    {
      "t": 3,
      "action": "DUP",
      "K_rf": 1,
      "K_vlc": 1,
      "p_est": 0.9988728732254779,
      "snr_rf_true": 2.51022076591826,
      "snr_vlc_true": 17.9719525740107,
      "success": true
    },
    {
      "t": 4,
      "action": "DUP",
      "K_rf": 1,
      "K_vlc": 1,
      "p_est": 0.9999473471442011,
      "snr_rf_true": 2.4692061856473932,
      "snr_vlc_true": 18.864314588211442,
      "success": true
    },
    {
      "t": 5,
      "action": "DUP",
      "K_rf": 1,
      "K_vlc": 1,
      "p_est": 0.9999699173540405,
      "snr_rf_true": 2.552546470675073,
      "snr_vlc_true": 18.179136155072964,
      "success": true
    },
    {
      "t": 6,
      "action": "DUP",
      "K_rf": 1,
      "K_vlc": 1,
      "p_est": 0.9999517144240305,
      "snr_rf_true": 2.026403028843012,
      "snr_vlc_true": 18.17071553639943,
      "success": true
    },
    {
      "t": 7,
      "action": "DUP",
      "K_rf": 1,
      "K_vlc": 1,
      "p_est": 0.9999470172746662,
      "snr_rf_true": 2.2794644961753168,
      "snr_vlc_true": 17.573812227258482,
      "success": true
    },
    {
      "t": 8,
      "action": "DUP",
      "K_rf": 1,
      "K_vlc": 1,
      "p_est": 0.9999523501181526,
      "snr_rf_true": 1.6330780330941264,
      "snr_vlc_true": 18.8532403094873,
      "success": true
    },
    {
      "t": 9,
      "action": "DUP",
      "K_rf": 1,
      "K_vlc": 1,
      "p_est": 0.9999615759241791,
      "snr_rf_true": 1.5431507442713668,
      "snr_vlc_true": 19.740933277795254,
      "success": true
    },
    {
      "t": 10,
      "action": "DUP",
      "K_rf": 1,
      "K_vlc": 1,
      "p_est": 0.9999969659250251,
      "snr_rf_true": 1.8263070121434548,
      "snr_vlc_true": 18.581153972863657,
      "success": true
    },
    {
      "t": 11,
      "action": "DUP",
      "K_rf": 1,
      "K_vlc": 1,
      "p_est": 0.9999450284063308,
      "snr_rf_true": 2.113145856744447,
      "snr_vlc_true": 18.657556364415086,
      "success": true
    },
    {
      "t": 12,
      "action": "DUP",
      "K_rf": 1,
      "K_vlc": 1,
      "p_est": 0.9998945041666536,
      "snr_rf_true": 1.9273116755890962,
      "snr_vlc_true": 17.82215697058982,
      "success": true
    },
    {
      "t": 13,
      "action": "DUP",
      "K_rf": 1,
      "K_vlc": 1,
      "p_est": 0.9997445983711026,
      "snr_rf_true": 1.850046959146152,
      "snr_vlc_true": 18.906460506539776,
      "success": true
    },
    {
      "t": 14,
      "action": "DUP",
      "K_rf": 1,
      "K_vlc": 1,
      "p_est": 0.9990694968237469,
      "snr_rf_true": 1.9475415844433783,
      "snr_vlc_true": 19.1878197823684,
      "success": true
    },
    {
      "t": 15,
      "action": "DUP",
      "K_rf": 1,
      "K_vlc": 1,
      "p_est": 0.999983531221764,
      "snr_rf_true": 1.2874592614720672,
      "snr_vlc_true": 18.819162069728073,
      "success": true
    },
    {
      "t": 16,
      "action": "DUP",
      "K_rf": 1,
      "K_vlc": 1,
      "p_est": 0.9999934923615058,
      "snr_rf_true": 1.4934679200454797,
      "snr_vlc_true": 18.193758896669248,
      "success": true
    },
    {
      "t": 17,
      "action": "DUP",
      "K_rf": 1,
      "K_vlc": 1,
      "p_est": 0.9996104037167799,
      "snr_rf_true": 1.9291504388469713,
      "snr_vlc_true": 18.368795129850085,
      "success": true
    },
    {
      "t": 18,
      "action": "DUP",
      "K_rf": 1,
      "K_vlc": 1,
      "p_est": 0.9999675767890503,
      "snr_rf_true": 1.835992682199643,
      "snr_vlc_true": 19.387500298738033,
      "success": true
    },
    {
      "t": 19,
      "action": "DUP",
      "K_rf": 1,
      "K_vlc": 1,
      "p_est": 0.9999756830573221,
      "snr_rf_true": 2.470783242858965,
      "snr_vlc_true": 19.05080291888506,
      "success": true
    },
    {
      "t": 20,
      "action": "DUP",
      "K_rf": 1,
      "K_vlc": 1,
      "p_est": 0.9999467210006691,
      "snr_rf_true": 2.777866984434874,
      "snr_vlc_true": 19.4256693727875,
      "success": true
    },
    {
      "t": 21,
      "action": "DUP",
      "K_rf": 1,
      "K_vlc": 1,
      "p_est": 0.9999805951895022,
      "snr_rf_true": 2.0898943193555874,
      "snr_vlc_true": 18.98521089356444,
      "success": true
    },
    {
      "t": 22,
      "action": "DUP",
      "K_rf": 1,
      "K_vlc": 1,
      "p_est": 0.9999723261134691,
      "snr_rf_true": 1.825922853726595,
      "snr_vlc_true": 19.004083426211885,
      "success": true
    },
    {
      "t": 23,
      "action": "DUP",
      "K_rf": 1,
      "K_vlc": 1,
      "p_est": 0.9999756318328784,
      "snr_rf_true": 1.480991263006367,
      "snr_vlc_true": 19.942972710372604,
      "success": true
    },
    {
      "t": 24,
      "action": "DUP",
      "K_rf": 1,
      "K_vlc": 1,
      "p_est": 1.0,
      "snr_rf_true": 2.0035116222796696,
      "snr_vlc_true": 20.052105491542875,
      "success": true
    },
    {
      "t": 25,
      "action": "DUP",
      "K_rf": 1,
      "K_vlc": 1,
      "p_est": 0.999992442271354,
      "snr_rf_true": 1.6418203981876365,
      "snr_vlc_true": 18.94939974768061,
      "success": true
    },
    {
      "t": 26,
      "action": "DUP",
      "K_rf": 1,
      "K_vlc": 1,
      "p_est": 0.9999540144532898,
      "snr_rf_true": 1.1520359552389299,
      "snr_vlc_true": 19.177782937902087,
      "success": true
    },
    {
      "t": 27,
      "action": "DUP",
      "K_rf": 1,
      "K_vlc": 1,
      "p_est": 0.999964506171257,
      "snr_rf_true": 1.8335529353512074,
      "snr_vlc_true": 19.70132073636605,
      "success": true
    },
    {
      "t": 28,
      "action": "DUP",
      "K_rf": 1,
      "K_vlc": 1,
      "p_est": 0.9999955867633963,
      "snr_rf_true": 2.0895572987280073,
      "snr_vlc_true": 19.650967370152365,
      "success": true
    },
    {
      "t": 29,
      "action": "DUP",
      "K_rf": 1,
      "K_vlc": 1,
      "p_est": 0.9999892021791045,
      "snr_rf_true": 1.9475989455289129,
      "snr_vlc_true": -15.0,
      "success": true
    },
    {
      "t": 30,
      "action": "DUP",
      "K_rf": 1,
      "K_vlc": 1,
      "p_est": 0.9640860899536723,
      "snr_rf_true": 1.8525790796115593,
      "snr_vlc_true": 18.22147717193027,
      "success": true
    },
    {
      "t": 31,
      "action": "DUP",
      "K_rf": 1,
      "K_vlc": 1,
      "p_est": 0.9993470569653746,
      "snr_rf_true": 1.1078508400553295,
      "snr_vlc_true": 18.65281876922428,
      "success": true
    },
    {
      "t": 32,
      "action": "DUP",
      "K_rf": 1,
      "K_vlc": 1,
      "p_est": 0.9985782794270212,
      "snr_rf_true": 1.5023900165544133,
      "snr_vlc_true": 18.204914315407112,
      "success": true
    },
    {
      "t": 33,
      "action": "DUP",
      "K_rf": 1,
      "K_vlc": 1,
      "p_est": 0.9999603193800082,
      "snr_rf_true": 1.5649695014215652,
      "snr_vlc_true": 18.18931686568273,
      "success": true
    },
    {
      "t": 34,
      "action": "DUP",
      "K_rf": 1,
      "K_vlc": 1,
      "p_est": 0.9999596389153058,
      "snr_rf_true": 2.2354556253837825,
      "snr_vlc_true": 17.912424793222648,
      "success": true
    },
    {
      "t": 35,
      "action": "DUP",
      "K_rf": 1,
      "K_vlc": 1,
      "p_est": 0.999949481245803,
      "snr_rf_true": 2.1979687714470892,
      "snr_vlc_true": 16.901027044685502,
      "success": true
    },
    {
      "t": 36,
      "action": "DUP",
      "K_rf": 1,
      "K_vlc": 1,
      "p_est": 0.9986022628527708,
      "snr_rf_true": 2.134069064746681,
      "snr_vlc_true": 16.31284194700015,
      "success": true
    },
    {
      "t": 37,
      "action": "DUP",
      "K_rf": 1,
      "K_vlc": 1,
      "p_est": 0.9975573815600064,
      "snr_rf_true": 2.4707539632508664,
      "snr_vlc_true": 16.023555691209193,
      "success": true
    },
    {
      "t": 38,
      "action": "DUP",
      "K_rf": 1,
      "K_vlc": 1,
      "p_est": 0.9911302720943942,
      "snr_rf_true": 1.4375909403412916,
      "snr_vlc_true": 15.731042134103399,
      "success": true
    },
    {
      "t": 39,
      "action": "DUP",
      "K_rf": 1,
      "K_vlc": 1,
      "p_est": 0.9865016139147874,
      "snr_rf_true": 2.431381460698317,
      "snr_vlc_true": 14.72953655324902,
      "success": true
    },
    {
      "t": 40,
      "action": "DUP",
      "K_rf": 1,
      "K_vlc": 1,
      "p_est": 0.9797959015705116,
      "snr_rf_true": 2.1020653772466273,
      "snr_vlc_true": 14.78897627772945,
      "success": true
    },
    {
      "t": 41,
      "action": "DUP",
      "K_rf": 1,
      "K_vlc": 1,
      "p_est": 0.9814304725833486,
      "snr_rf_true": 1.8950191641892729,
      "snr_vlc_true": 15.325532709892515,
      "success": true
    },
    {
      "t": 42,
      "action": "DUP",
      "K_rf": 1,
      "K_vlc": 1,
      "p_est": 0.9953925163929314,
      "snr_rf_true": 2.035660799133221,
      "snr_vlc_true": 17.116101321764976,
      "success": true
    },
    {
      "t": 43,
      "action": "DUP",
      "K_rf": 1,
      "K_vlc": 1,
      "p_est": 0.9981337471696436,
      "snr_rf_true": 2.403432349331977,
      "snr_vlc_true": 17.037276744199108,
      "success": true
    },
    {
      "t": 44,
      "action": "DUP",
      "K_rf": 1,
      "K_vlc": 1,
      "p_est": 0.9999524185630441,
      "snr_rf_true": 2.396862774449521,
      "snr_vlc_true": 15.74889889346074,
      "success": true
    },
    {
      "t": 45,
      "action": "DUP",
      "K_rf": 1,
      "K_vlc": 1,
      "p_est": 0.9974741954191065,
      "snr_rf_true": 3.1781980813559656,
      "snr_vlc_true": 16.346591407319153,
      "success": true
    },
    {
      "t": 46,
      "action": "DUP",
      "K_rf": 1,
      "K_vlc": 1,
      "p_est": 0.98995817804683,
      "snr_rf_true": 2.7841187317507052,
      "snr_vlc_true": 15.639796434372554,
      "success": true
    },
    {
      "t": 47,
      "action": "DUP",
      "K_rf": 1,
      "K_vlc": 1,
      "p_est": 0.9756481366649805,
      "snr_rf_true": 2.149837186242358,
      "snr_vlc_true": 14.920767208772839,
      "success": true
    },
    {
      "t": 48,
      "action": "DUP",
      "K_rf": 1,
      "K_vlc": 1,
      "p_est": 0.9611588951191934,
      "snr_rf_true": 2.9111967747143943,
      "snr_vlc_true": 14.721988972681649,
      "success": true
    },
    {
      "t": 49,
      "action": "DUP",
      "K_rf": 1,
      "K_vlc": 1,
      "p_est": 0.9857479899772168,
      "snr_rf_true": 3.025641151388901,
      "snr_vlc_true": 14.75541514634979,
      "success": true
    },
    {
      "t": 50,
      "action": "DUP",
      "K_rf": 1,
      "K_vlc": 1,
      "p_est": 0.9617165788023573,
      "snr_rf_true": 3.1346933449650316,
      "snr_vlc_true": 15.015738083642947,
      "success": true
    },
    {
      "t": 51,
      "action": "DUP",
      "K_rf": 1,
      "K_vlc": 1,
      "p_est": 0.9802033974231389,
      "snr_rf_true": 3.5936813174786995,
      "snr_vlc_true": 14.682574544258875,
      "success": true
    },
    {
      "t": 52,
      "action": "DUP",
      "K_rf": 1,
      "K_vlc": 1,
      "p_est": 0.9957704919022834,
      "snr_rf_true": 3.172387316537316,
      "snr_vlc_true": 14.86442073595772,
      "success": true
    },
    {
      "t": 53,
      "action": "DUP",
      "K_rf": 1,
      "K_vlc": 1,
      "p_est": 0.9783193532977505,
      "snr_rf_true": 3.582579506380749,
      "snr_vlc_true": 14.606021820009214,
      "success": true
    },
    {
      "t": 54,
      "action": "DUP",
      "K_rf": 1,
      "K_vlc": 1,
      "p_est": 0.9617794625066981,
      "snr_rf_true": 5.057042699808875,
      "snr_vlc_true": 15.07106106991032,
      "success": true
    },
    {
      "t": 55,
      "action": "DUP",
      "K_rf": 1,
      "K_vlc": 1,
      "p_est": 0.9636391105951906,
      "snr_rf_true": 4.921739564772994,
      "snr_vlc_true": 15.390560241621925,
      "success": true
    },
    {
      "t": 56,
      "action": "DUP",
      "K_rf": 1,
      "K_vlc": 1,
      "p_est": 0.992451061452937,
      "snr_rf_true": 5.05383350145784,
      "snr_vlc_true": 15.295216116376544,
      "success": true
    },
    {
      "t": 57,
      "action": "DUP",
      "K_rf": 1,
      "K_vlc": 1,
      "p_est": 0.9389565657478568,
      "snr_rf_true": 4.993954083111262,
      "snr_vlc_true": 14.813132919683335,
      "success": true
    },
    {
      "t": 58,
      "action": "DUP",
      "K_rf": 1,
      "K_vlc": 1,
      "p_est": 0.9760418449901671,
      "snr_rf_true": 4.2331907101049415,
      "snr_vlc_true": 14.416388312771542,
      "success": true
    },
    {
      "t": 59,
      "action": "DUP",
      "K_rf": 1,
      "K_vlc": 1,
      "p_est": 0.9572540718004483,
      "snr_rf_true": 4.46723716164051,
      "snr_vlc_true": -15.0,
      "success": false
    },
    {
      "t": 60,
      "action": "DUP",
      "K_rf": 1,
      "K_vlc": 1,
      "p_est": 0.8292541675862991,
      "snr_rf_true": 5.038255003631759,
      "snr_vlc_true": 15.008433665662308,
      "success": true
    },
    {
      "t": 61,
      "action": "DUP",
      "K_rf": 1,
      "K_vlc": 1,
      "p_est": 0.9734773561031106,
      "snr_rf_true": 4.902022729478484,
      "snr_vlc_true": 15.213631775441835,
      "success": true
    },
    {
      "t": 62,
      "action": "DUP",
      "K_rf": 1,
      "K_vlc": 1,
      "p_est": 0.9829056296059291,
      "snr_rf_true": 4.643418639778881,
      "snr_vlc_true": 15.231424662746509,
      "success": true
    },
    {
      "t": 63,
      "action": "DUP",
      "K_rf": 1,
      "K_vlc": 1,
      "p_est": 0.9910084285009887,
      "snr_rf_true": 4.641657696225421,
      "snr_vlc_true": 14.92361229652972,
      "success": true
    },
    {
      "t": 64,
      "action": "DUP",
      "K_rf": 1,
      "K_vlc": 1,
      "p_est": 0.9852509632198795,
      "snr_rf_true": 4.733711877278916,
      "snr_vlc_true": 14.783398158663186,
      "success": true
    },
    {
      "t": 65,
      "action": "DUP",
      "K_rf": 1,
      "K_vlc": 1,
      "p_est": 0.9851612594981327,
      "snr_rf_true": 4.567338428221685,
      "snr_vlc_true": 15.415732905922553,
      "success": true
    },
    {
      "t": 66,
      "action": "DUP",
      "K_rf": 1,
      "K_vlc": 1,
      "p_est": 0.9816273985434237,
      "snr_rf_true": 4.63435163709294,
      "snr_vlc_true": 14.585071961558862,
      "success": true
    },
    {
      "t": 67,
      "action": "DUP",
      "K_rf": 1,
      "K_vlc": 1,
      "p_est": 0.9756110656435788,
      "snr_rf_true": 4.349895005506662,
      "snr_vlc_true": 15.223149442387689,
      "success": true
    },
    {
      "t": 68,
      "action": "DUP",
      "K_rf": 1,
      "K_vlc": 1,
      "p_est": 0.9638786380314596,
      "snr_rf_true": 3.699686763686769,
      "snr_vlc_true": 15.875792808097836,
      "success": true
    },
    {
      "t": 69,
      "action": "DUP",
      "K_rf": 1,
      "K_vlc": 1,
      "p_est": 0.9824951120386404,
      "snr_rf_true": 2.877151539932959,
      "snr_vlc_true": 16.24398177826306,
      "success": true
    },
    {
      "t": 70,
      "action": "DUP",
      "K_rf": 1,
      "K_vlc": 1,
      "p_est": 0.998381480678341,
      "snr_rf_true": 3.2252744650033685,
      "snr_vlc_true": 15.23130174171472,
      "success": true
    },
    {
      "t": 71,
      "action": "DUP",
      "K_rf": 1,
      "K_vlc": 1,
      "p_est": 0.9788150991032916,
      "snr_rf_true": 4.01955163197076,
      "snr_vlc_true": 15.157126307986225,
      "success": true
    },
    {
      "t": 72,
      "action": "DUP",
      "K_rf": 1,
      "K_vlc": 1,
      "p_est": 0.9871939953759846,
      "snr_rf_true": 4.502451180416151,
      "snr_vlc_true": 14.299927987406624,
      "success": true
    },
    {
      "t": 73,
      "action": "DUP",
      "K_rf": 1,
      "K_vlc": 1,
      "p_est": 0.9665069825858899,
      "snr_rf_true": 3.9639056419890726,
      "snr_vlc_true": 14.203965988723192,
      "success": true
    },
    {
      "t": 74,
      "action": "DUP",
      "K_rf": 1,
      "K_vlc": 1,
      "p_est": 0.9340633038746815,
      "snr_rf_true": 4.350413640931692,
      "snr_vlc_true": 14.673311140760179,
      "success": true
    },
    {
      "t": 75,
      "action": "DUP",
      "K_rf": 1,
      "K_vlc": 1,
      "p_est": 0.9801703553377986,
      "snr_rf_true": 3.6699085029423073,
      "snr_vlc_true": 14.837748909112642,
      "success": true
    },
    {
      "t": 76,
      "action": "DUP",
      "K_rf": 1,
      "K_vlc": 1,
      "p_est": 0.9771698037645751,
      "snr_rf_true": 4.266398298513479,
      "snr_vlc_true": 14.176593326185039,
      "success": true
    },
    {
      "t": 77,
      "action": "DUP",
      "K_rf": 1,
      "K_vlc": 1,
      "p_est": 0.9656255289856764,
      "snr_rf_true": 3.7543797161515404,
      "snr_vlc_true": 14.415631019949274,
      "success": true
    },
    {
      "t": 78,
      "action": "DUP",
      "K_rf": 1,
      "K_vlc": 1,
      "p_est": 0.937888214706414,
      "snr_rf_true": 3.9103864631901546,
      "snr_vlc_true": 15.24398728324942,
      "success": true
    },
    {
      "t": 79,
      "action": "DUP",
      "K_rf": 1,
      "K_vlc": 1,
      "p_est": 0.9681479855515392,
      "snr_rf_true": 4.1467415499047275,
      "snr_vlc_true": 15.462084990485097,
      "success": true
    },
    {
      "t": 80,
      "action": "DUP",
      "K_rf": 1,
      "K_vlc": 1,
      "p_est": 0.9838752212629158,
      "snr_rf_true": 4.321121161835216,
      "snr_vlc_true": 15.369319805079051,
      "success": true
    },
    {
      "t": 81,
      "action": "DUP",
      "K_rf": 1,
      "K_vlc": 1,
      "p_est": 0.9979002092912166,
      "snr_rf_true": 3.5067858718854312,
      "snr_vlc_true": 16.53013596659324,
      "success": true
    },
    {
      "t": 82,
      "action": "DUP",
      "K_rf": 1,
      "K_vlc": 1,
      "p_est": 0.9977141023338187,
      "snr_rf_true": 3.5631505194505952,
      "snr_vlc_true": 16.64889540746098,
      "success": true
    },
    {
      "t": 83,
      "action": "DUP",
      "K_rf": 1,
      "K_vlc": 1,
      "p_est": 0.9753845847329148,
      "snr_rf_true": 3.113060143935186,
      "snr_vlc_true": 17.036181512828396,
      "success": true
    },
    {
      "t": 84,
      "action": "DUP",
      "K_rf": 1,
      "K_vlc": 1,
      "p_est": 0.9985594290808404,
      "snr_rf_true": 3.0253385816535836,
      "snr_vlc_true": 16.11836611204891,
      "success": true
    },
    {
      "t": 85,
      "action": "DUP",
      "K_rf": 1,
      "K_vlc": 1,
      "p_est": 0.9985653531428907,
      "snr_rf_true": 3.6170310997477966,
      "snr_vlc_true": 15.852596382626926,
      "success": true
    },
    {
      "t": 86,
      "action": "DUP",
      "K_rf": 1,
      "K_vlc": 1,
      "p_est": 0.9859210432178492,
      "snr_rf_true": 3.494633837981716,
      "snr_vlc_true": 16.810389154949927,
      "success": true
    },
    {
      "t": 87,
      "action": "DUP",
      "K_rf": 1,
      "K_vlc": 1,
      "p_est": 0.9949858593976345,
      "snr_rf_true": 3.9877144178622483,
      "snr_vlc_true": 17.057938867403998,
      "success": true
    },
    {
      "t": 88,
      "action": "DUP",
      "K_rf": 1,
      "K_vlc": 1,
      "p_est": 0.9947234274440306,
      "snr_rf_true": 4.672024243926418,
      "snr_vlc_true": 16.78004451227878,
      "success": true
    },
    {
      "t": 89,
      "action": "DUP",
      "K_rf": 1,
      "K_vlc": 1,
      "p_est": 0.9987406858682607,
      "snr_rf_true": 4.993337111307791,
      "snr_vlc_true": 18.051879965389094,
      "success": true
    },
    {
      "t": 90,
      "action": "DUP",
      "K_rf": 1,
      "K_vlc": 1,
      "p_est": 0.99919383763893,
      "snr_rf_true": 4.932082360236849,
      "snr_vlc_true": 18.34280977754817,
      "success": true
    },
    {
      "t": 91,
      "action": "DUP",
      "K_rf": 1,
      "K_vlc": 1,
      "p_est": 0.9999522384066493,
      "snr_rf_true": 5.278568856373349,
      "snr_vlc_true": 17.99404248051848,
      "success": true
    },
    {
      "t": 92,
      "action": "DUP",
      "K_rf": 1,
      "K_vlc": 1,
      "p_est": 0.9992398253783997,
      "snr_rf_true": 5.784032709783147,
      "snr_vlc_true": 17.62903005816139,
      "success": true
    },
    {
      "t": 93,
      "action": "DUP",
      "K_rf": 1,
      "K_vlc": 1,
      "p_est": 0.9981184587436371,
      "snr_rf_true": 5.042379815096615,
      "snr_vlc_true": 18.609534483318814,
      "success": true
    },
    {
      "t": 94,
      "action": "DUP",
      "K_rf": 1,
      "K_vlc": 1,
      "p_est": 0.99932685212384,
      "snr_rf_true": 4.848193468823936,
      "snr_vlc_true": 18.303287351291583,
      "success": true
    },
    {
      "t": 95,
      "action": "DUP",
      "K_rf": 1,
      "K_vlc": 1,
      "p_est": 0.9992889873665042,
      "snr_rf_true": 4.6331749411013945,
      "snr_vlc_true": 19.270107518981536,
      "success": true
    },
    {
      "t": 96,
      "action": "DUP",
      "K_rf": 1,
      "K_vlc": 1,
      "p_est": 0.9999587659325267,
      "snr_rf_true": 4.39678120866191,
      "snr_vlc_true": 16.480994199076004,
      "success": true
    },
    {
      "t": 97,
      "action": "DUP",
      "K_rf": 1,
      "K_vlc": 1,
      "p_est": 0.9996215551194803,
      "snr_rf_true": 4.046364240872436,
      "snr_vlc_true": 16.770042991665036,
      "success": true
    },
    {
      "t": 98,
      "action": "DUP",
      "K_rf": 1,
      "K_vlc": 1,
      "p_est": 0.998116855529022,
      "snr_rf_true": 3.794618912472315,
      "snr_vlc_true": 17.84511600782981,
      "success": true
    },
    {
      "t": 99,
      "action": "DUP",
      "K_rf": 1,
      "K_vlc": 1,
      "p_est": 0.9992133960819743,
      "snr_rf_true": 3.866110517031184,
      "snr_vlc_true": 17.301404772667546,
      "success": true
    },
    {
      "t": 100,
      "action": "DUP",
      "K_rf": 1,
      "K_vlc": 1,
      "p_est": 0.9987722233736306,
      "snr_rf_true": 4.178415572385662,
      "snr_vlc_true": 16.281332289146505,
      "success": true
    },
    {
      "t": 101,
      "action": "DUP",
      "K_rf": 1,
      "K_vlc": 1,
      "p_est": 0.998258283716713,
      "snr_rf_true": 3.1819719114824143,
      "snr_vlc_true": 16.294915081040607,
      "success": true
    },
    {
      "t": 102,
      "action": "DUP",
      "K_rf": 1,
      "K_vlc": 1,
      "p_est": 0.997789801564223,
      "snr_rf_true": 3.412709114903838,
      "snr_vlc_true": 16.83230659933834,
      "success": true
    },
    {
      "t": 103,
      "action": "DUP",
      "K_rf": 1,
      "K_vlc": 1,
      "p_est": 0.9982388807477914,
      "snr_rf_true": 3.09000865345757,
      "snr_vlc_true": 16.937802667862602,
      "success": true
    },
    {
      "t": 104,
      "action": "DUP",
      "K_rf": 1,
      "K_vlc": 1,
      "p_est": 0.9995538243031419,
      "snr_rf_true": 4.113967443062731,
      "snr_vlc_true": 15.45081911228619,
      "success": true
    },
    {
      "t": 105,
      "action": "DUP",
      "K_rf": 1,
      "K_vlc": 1,
      "p_est": 0.9880605992517681,
      "snr_rf_true": 3.6412228876835506,
      "snr_vlc_true": 15.69378209077815,
      "success": true
    },
    {
      "t": 106,
      "action": "DUP",
      "K_rf": 1,
      "K_vlc": 1,
      "p_est": 0.9980713678351757,
      "snr_rf_true": 3.7615748165934075,
      "snr_vlc_true": 15.779824652956254,
      "success": true
    },
    {
      "t": 107,
      "action": "DUP",
      "K_rf": 1,
      "K_vlc": 1,
      "p_est": 0.9975608786798379,
      "snr_rf_true": 3.534507270254039,
      "snr_vlc_true": 17.280091370681088,
      "success": true
    },
    {
      "t": 108,
      "action": "DUP",
      "K_rf": 1,
      "K_vlc": 1,
      "p_est": 0.9975098004201405,
      "snr_rf_true": 3.706710806318131,
      "snr_vlc_true": 16.455870565774738,
      "success": true
    },
    {
      "t": 109,
      "action": "DUP",
      "K_rf": 1,
      "K_vlc": 1,
      "p_est": 0.9979320046198279,
      "snr_rf_true": 4.366752059204367,
      "snr_vlc_true": 16.49963491721617,
      "success": true
    },
    {
      "t": 110,
      "action": "DUP",
      "K_rf": 1,
      "K_vlc": 1,
      "p_est": 0.9978855316437202,
      "snr_rf_true": 4.352780277132659,
      "snr_vlc_true": 17.174946376876395,
      "success": true
    },
    {
      "t": 111,
      "action": "DUP",
      "K_rf": 1,
      "K_vlc": 1,
      "p_est": 0.9982369894340207,
      "snr_rf_true": 4.467673437207291,
      "snr_vlc_true": 17.41786179634483,
      "success": true
    },
    {
      "t": 112,
      "action": "DUP",
      "K_rf": 1,
      "K_vlc": 1,
      "p_est": 0.9986276203565068,
      "snr_rf_true": 3.336701110044114,
      "snr_vlc_true": 18.478117080947847,
      "success": true
    },
    {
      "t": 113,
      "action": "DUP",
      "K_rf": 1,
      "K_vlc": 1,
      "p_est": 0.9995613389515406,
      "snr_rf_true": 3.392194466929855,
      "snr_vlc_true": 19.34856687590043,
      "success": true
    },
    {
      "t": 114,
      "action": "DUP",
      "K_rf": 1,
      "K_vlc": 1,
      "p_est": 0.9999836730911228,
      "snr_rf_true": 3.6609004604615856,
      "snr_vlc_true": 19.734341622022217,
      "success": true
    },
    {
      "t": 115,
      "action": "DUP",
      "K_rf": 1,
      "K_vlc": 1,
      "p_est": 0.9999831889470414,
      "snr_rf_true": 4.209725703643754,
      "snr_vlc_true": 18.561365645095293,
      "success": true
    },
    {
      "t": 116,
      "action": "DUP",
      "K_rf": 1,
      "K_vlc": 1,
      "p_est": 0.999959873177123,
      "snr_rf_true": 3.940531317968448,
      "snr_vlc_true": 18.56247427750296,
      "success": true
    },
    {
      "t": 117,
      "action": "DUP",
      "K_rf": 1,
      "K_vlc": 1,
      "p_est": 0.999599159474763,
      "snr_rf_true": 3.8016135180732213,
      "snr_vlc_true": -15.0,
      "success": false
    },
    {
      "t": 118,
      "action": "DUP",
      "K_rf": 1,
      "K_vlc": 1,
      "p_est": 0.9433194050133829,
      "snr_rf_true": 3.986514829847851,
      "snr_vlc_true": -15.0,
      "success": false
    },
    {
      "t": 119,
      "action": "DUP",
      "K_rf": 1,
      "K_vlc": 1,
      "p_est": 0.8228562694112428,
      "snr_rf_true": 3.947209567482177,
      "snr_vlc_true": -15.0,
      "success": false
    },
    {
      "t": 120,
      "action": "DUP",
      "K_rf": 1,
      "K_vlc": 1,
      "p_est": 0.7933745987123134,
      "snr_rf_true": 3.058447647669866,
      "snr_vlc_true": -15.0,
      "success": false
    },
    {
      "t": 121,
      "action": "DUP",
      "K_rf": 1,
      "K_vlc": 1,
      "p_est": 0.7807139710198323,
      "snr_rf_true": 2.9282931280603557,
      "snr_vlc_true": -15.0,
      "success": false
    },
    {
      "t": 122,
      "action": "DUP",
      "K_rf": 1,
      "K_vlc": 1,
      "p_est": 0.7807501112068476,
      "snr_rf_true": 3.361452534878664,
      "snr_vlc_true": -15.0,
      "success": false
    },
    {
      "t": 123,
      "action": "DUP",
      "K_rf": 1,
      "K_vlc": 1,
      "p_est": 0.7811817820843289,
      "snr_rf_true": 3.234606365242497,
      "snr_vlc_true": -15.0,
      "success": false
    },
    {
      "t": 124,
      "action": "DUP",
      "K_rf": 1,
      "K_vlc": 1,
      "p_est": 0.7787238433202782,
      "snr_rf_true": 2.5662707646754526,
      "snr_vlc_true": -15.0,
      "success": false
    },
    {
      "t": 125,
      "action": "DUP",
      "K_rf": 1,
      "K_vlc": 1,
      "p_est": 0.7814823971385537,
      "snr_rf_true": 3.081620881860979,
      "snr_vlc_true": 17.659977878911533,
      "success": true
    },
    {
      "t": 126,
      "action": "DUP",
      "K_rf": 1,
      "K_vlc": 1,
      "p_est": 0.9993545509035234,
      "snr_rf_true": 2.1115263919025784,
      "snr_vlc_true": 17.798795493576897,
      "success": true
    },
    {
      "t": 127,
      "action": "DUP",
      "K_rf": 1,
      "K_vlc": 1,
      "p_est": 0.9994108936326519,
      "snr_rf_true": 2.844020701858241,
      "snr_vlc_true": 17.743745964551486,
      "success": true
    },
    {
      "t": 128,
      "action": "DUP",
      "K_rf": 1,
      "K_vlc": 1,
      "p_est": 0.9999556618314778,
      "snr_rf_true": 2.936317297333484,
      "snr_vlc_true": -15.0,
      "success": false
    },
    {
      "t": 129,
      "action": "DUP",
      "K_rf": 1,
      "K_vlc": 1,
      "p_est": 0.9584905013835495,
      "snr_rf_true": 2.608320897021988,
      "snr_vlc_true": 18.132227742872203,
      "success": true
    },
    {
      "t": 130,
      "action": "DUP",
      "K_rf": 1,
      "K_vlc": 1,
      "p_est": 0.9992808104040529,
      "snr_rf_true": 1.9395905083253007,
      "snr_vlc_true": 18.252103401658676,
      "success": true
    },
    {
      "t": 131,
      "action": "DUP",
      "K_rf": 1,
      "K_vlc": 1,
      "p_est": 0.9994307771442056,
      "snr_rf_true": 2.7502590141104033,
      "snr_vlc_true": 18.24102550660605,
      "success": true
    },
    {
      "t": 132,
      "action": "DUP",
      "K_rf": 1,
      "K_vlc": 1,
      "p_est": 0.9999510882635538,
      "snr_rf_true": 2.389413458731104,
      "snr_vlc_true": 17.841672690909466,
      "success": true
    },
    {
      "t": 133,
      "action": "DUP",
      "K_rf": 1,
      "K_vlc": 1,
      "p_est": 0.9999477661703069,
      "snr_rf_true": 3.736028221698128,
      "snr_vlc_true": 16.155946993585324,
      "success": true
    },
    {
      "t": 134,
      "action": "DUP",
      "K_rf": 1,
      "K_vlc": 1,
      "p_est": 0.9980599141698454,
      "snr_rf_true": 4.327821630417917,
      "snr_vlc_true": 15.389603400906887,
      "success": true
    },
    {
      "t": 135,
      "action": "DUP",
      "K_rf": 1,
      "K_vlc": 1,
      "p_est": 0.9903007934285625,
      "snr_rf_true": 4.4295120453807755,
      "snr_vlc_true": 14.749671394864757,
      "success": true
    },
    {
      "t": 136,
      "action": "DUP",
      "K_rf": 1,
      "K_vlc": 1,
      "p_est": 0.9799212759125054,
      "snr_rf_true": 4.401989608124038,
      "snr_vlc_true": 15.027421337727866,
      "success": true
    },
    {
      "t": 137,
      "action": "DUP",
      "K_rf": 1,
      "K_vlc": 1,
      "p_est": 0.9672519846496868,
      "snr_rf_true": 5.032378825083084,
      "snr_vlc_true": 15.149443504774476,
      "success": true
    },
    {
      "t": 138,
      "action": "DUP",
      "K_rf": 1,
      "K_vlc": 1,
      "p_est": 0.9896717660591089,
      "snr_rf_true": 5.0995528667910115,
      "snr_vlc_true": 15.682883726207203,
      "success": true
    },
    {
      "t": 139,
      "action": "DUP",
      "K_rf": 1,
      "K_vlc": 1,
      "p_est": 0.9711435338605056,
      "snr_rf_true": 4.384886029154325,
      "snr_vlc_true": 17.228785553354847,
      "success": true
    },
    {
      "t": 140,
      "action": "DUP",
      "K_rf": 1,
      "K_vlc": 1,
      "p_est": 0.9978836596332379,
      "snr_rf_true": 4.869565289609573,
      "snr_vlc_true": 16.92783530357008,
      "success": true
    },
    {
      "t": 141,
      "action": "DUP",
      "K_rf": 1,
      "K_vlc": 1,
      "p_est": 0.9986611679128253,
      "snr_rf_true": 3.3791353479794326,
      "snr_vlc_true": 17.319033053960858,
      "success": true
    },
    {
      "t": 142,
      "action": "DUP",
      "K_rf": 1,
      "K_vlc": 1,
      "p_est": 0.9988978826128629,
      "snr_rf_true": 3.0081771040014575,
      "snr_vlc_true": 17.397526544081003,
      "success": true
    },
    {
      "t": 143,
      "action": "DUP",
      "K_rf": 1,
      "K_vlc": 1,
      "p_est": 0.998683986903327,
      "snr_rf_true": 3.6934810948580052,
      "snr_vlc_true": 16.505694452832586,
      "success": true
    },
    {
      "t": 144,
      "action": "DUP",
      "K_rf": 1,
      "K_vlc": 1,
      "p_est": 0.998398995654268,
      "snr_rf_true": 4.105531357404496,
      "snr_vlc_true": 16.81928428941306,
      "success": true
    },
    {
      "t": 145,
      "action": "DUP",
      "K_rf": 1,
      "K_vlc": 1,
      "p_est": 0.998526388104154,
      "snr_rf_true": 4.298790975612973,
      "snr_vlc_true": 16.620121423990245,
      "success": true
    },
    {
      "t": 146,
      "action": "DUP",
      "K_rf": 1,
      "K_vlc": 1,
      "p_est": 0.9934526053710424,
      "snr_rf_true": 4.686309171253274,
      "snr_vlc_true": 17.79380780198564,
      "success": true
    },
    {
      "t": 147,
      "action": "DUP",
      "K_rf": 1,
      "K_vlc": 1,
      "p_est": 0.9984952635258821,
      "snr_rf_true": 4.376676589874606,
      "snr_vlc_true": 17.87037617412816,
      "success": true
    },
    {
      "t": 148,
      "action": "DUP",
      "K_rf": 1,
      "K_vlc": 1,
      "p_est": 0.9983660088571429,
      "snr_rf_true": 3.982844899383704,
      "snr_vlc_true": 17.146422596364335,
      "success": true
    },
    {
      "t": 149,
      "action": "DUP",
      "K_rf": 1,
      "K_vlc": 1,
      "p_est": 0.9993199118465754,
      "snr_rf_true": 4.202697349235468,
      "snr_vlc_true": 15.787463935687164,
      "success": true
    },
    {
      "t": 150,
      "action": "DUP",
      "K_rf": 1,
      "K_vlc": 1,
      "p_est": 0.9925201665834035,
      "snr_rf_true": 3.3380447703718445,
      "snr_vlc_true": 16.80875959582098,
      "success": true
    },
    {
      "t": 151,
      "action": "DUP",
      "K_rf": 1,
      "K_vlc": 1,
      "p_est": 0.9983198043427217,
      "snr_rf_true": 4.0711245079664025,
      "snr_vlc_true": 15.375734151721446,
      "success": true
    },
    {
      "t": 152,
      "action": "DUP",
      "K_rf": 1,
      "K_vlc": 1,
      "p_est": 0.9955167814441924,
      "snr_rf_true": 5.312404269333968,
      "snr_vlc_true": 15.263275408388148,
      "success": true
    },
    {
      "t": 153,
      "action": "DUP",
      "K_rf": 1,
      "K_vlc": 1,
      "p_est": 0.9957816582275678,
      "snr_rf_true": 5.265582082526076,
      "snr_vlc_true": 15.191729957869331,
      "success": true
    },
    {
      "t": 154,
      "action": "DUP",
      "K_rf": 1,
      "K_vlc": 1,
      "p_est": 0.9843603742242162,
      "snr_rf_true": 5.021592474803334,
      "snr_vlc_true": 15.000843862878197,
      "success": true
    },
    {
      "t": 155,
      "action": "DUP",
      "K_rf": 1,
      "K_vlc": 1,
      "p_est": 0.9826261087143494,
      "snr_rf_true": 3.6073549637654154,
      "snr_vlc_true": 16.48142802007485,
      "success": true
    },
    {
      "t": 156,
      "action": "DUP",
      "K_rf": 1,
      "K_vlc": 1,
      "p_est": 0.99790412167355,
      "snr_rf_true": 3.8791989899569628,
      "snr_vlc_true": 15.780666586256569,
      "success": true
    },
    {
      "t": 157,
      "action": "DUP",
      "K_rf": 1,
      "K_vlc": 1,
      "p_est": 0.9761478055839592,
      "snr_rf_true": 3.1942813251480455,
      "snr_vlc_true": 17.190205219077527,
      "success": true
    },
    {
      "t": 158,
      "action": "DUP",
      "K_rf": 1,
      "K_vlc": 1,
      "p_est": 0.9980153205831245,
      "snr_rf_true": 2.8558455501520923,
      "snr_vlc_true": 16.888333386864755,
      "success": true
    },
    {
      "t": 159,
      "action": "DUP",
      "K_rf": 1,
      "K_vlc": 1,
      "p_est": 0.9988959996982065,
      "snr_rf_true": 2.2865968206890823,
      "snr_vlc_true": 17.346920401273582,
      "success": true
    },
    {
      "t": 160,
      "action": "DUP",
      "K_rf": 1,
      "K_vlc": 1,
      "p_est": 0.9985298211137085,
      "snr_rf_true": 1.760829853612413,
      "snr_vlc_true": 16.71465025263939,
      "success": true
    },
    {
      "t": 161,
      "action": "DUP",
      "K_rf": 1,
      "K_vlc": 1,
      "p_est": 0.9985826659292666,
      "snr_rf_true": 1.8190650116940952,
      "snr_vlc_true": 17.09346592264577,
      "success": true
    },
    {
      "t": 162,
      "action": "DUP",
      "K_rf": 1,
      "K_vlc": 1,
      "p_est": 0.9984760065636954,
      "snr_rf_true": 1.8871846177397236,
      "snr_vlc_true": 16.667184289503304,
      "success": true
    },
    {
      "t": 163,
      "action": "DUP",
      "K_rf": 1,
      "K_vlc": 1,
      "p_est": 0.9982440574664743,
      "snr_rf_true": 2.892471152387214,
      "snr_vlc_true": 15.97709988522507,
      "success": true
    },
    {
      "t": 164,
      "action": "DUP",
      "K_rf": 1,
      "K_vlc": 1,
      "p_est": 0.9976221662580479,
      "snr_rf_true": 2.4443409083683583,
      "snr_vlc_true": 17.088098582548646,
      "success": true
    },
    {
      "t": 165,
      "action": "DUP",
      "K_rf": 1,
      "K_vlc": 1,
      "p_est": 0.9975396417734963,
      "snr_rf_true": 2.2073710413151115,
      "snr_vlc_true": -15.0,
      "success": false
    },
    {
      "t": 166,
      "action": "DUP",
      "K_rf": 1,
      "K_vlc": 1,
      "p_est": 0.8888195116884643,
      "snr_rf_true": 2.2454821291639315,
      "snr_vlc_true": -15.0,
      "success": false
    },
    {
      "t": 167,
      "action": "DUP",
      "K_rf": 1,
      "K_vlc": 1,
      "p_est": 0.8056361425826426,
      "snr_rf_true": 1.7965565208362215,
      "snr_vlc_true": -15.0,
      "success": false
    },
    {
      "t": 168,
      "action": "DUP",
      "K_rf": 1,
      "K_vlc": 1,
      "p_est": 0.7830687498233304,
      "snr_rf_true": 1.8601831632981756,
      "snr_vlc_true": -15.0,
      "success": false
    },
    {
      "t": 169,
      "action": "DUP",
      "K_rf": 1,
      "K_vlc": 1,
      "p_est": 0.7742427413084132,
      "snr_rf_true": 1.872036834829914,
      "snr_vlc_true": -15.0,
      "success": false
    },
    {
      "t": 170,
      "action": "DUP",
      "K_rf": 1,
      "K_vlc": 1,
      "p_est": 0.7754494396883483,
      "snr_rf_true": 2.411590714511179,
      "snr_vlc_true": 18.010175875423634,
      "success": true
    },
    {
      "t": 171,
      "action": "DUP",
      "K_rf": 1,
      "K_vlc": 1,
      "p_est": 0.9995156209861553,
      "snr_rf_true": 2.662745773198451,
      "snr_vlc_true": 18.111789798489973,
      "success": true
    },
    {
      "t": 172,
      "action": "DUP",
      "K_rf": 1,
      "K_vlc": 1,
      "p_est": 0.9995321269926429,
      "snr_rf_true": 2.7054005607588723,
      "snr_vlc_true": 18.3907780728762,
      "success": true
    },
    {
      "t": 173,
      "action": "DUP",
      "K_rf": 1,
      "K_vlc": 1,
      "p_est": 0.9988101813018265,
      "snr_rf_true": 2.457931983850778,
      "snr_vlc_true": 18.447234788611247,
      "success": true
    },
    {
      "t": 174,
      "action": "DUP",
      "K_rf": 1,
      "K_vlc": 1,
      "p_est": 0.9999582540042562,
      "snr_rf_true": 3.0250605535757056,
      "snr_vlc_true": 18.093282167002524,
      "success": true
    },
    {
      "t": 175,
      "action": "DUP",
      "K_rf": 1,
      "K_vlc": 1,
      "p_est": 0.9997290435515155,
      "snr_rf_true": 2.8999909995841957,
      "snr_vlc_true": 17.009134382072716,
      "success": true
    },
    {
      "t": 176,
      "action": "DUP",
      "K_rf": 1,
      "K_vlc": 1,
      "p_est": 0.9986513344849461,
      "snr_rf_true": 2.766705686432798,
      "snr_vlc_true": 17.575277034611158,
      "success": true
    },
    {
      "t": 177,
      "action": "DUP",
      "K_rf": 1,
      "K_vlc": 1,
      "p_est": 0.9993540085988399,
      "snr_rf_true": 2.651816095569143,
      "snr_vlc_true": 17.762168303321637,
      "success": true
    },
    {
      "t": 178,
      "action": "DUP",
      "K_rf": 1,
      "K_vlc": 1,
      "p_est": 0.9995141413330502,
      "snr_rf_true": 2.5651116574644957,
      "snr_vlc_true": 18.23234237372216,
      "success": true
    },
    {
      "t": 179,
      "action": "DUP",
      "K_rf": 1,
      "K_vlc": 1,
      "p_est": 0.9997171885991822,
      "snr_rf_true": 1.9240080200973537,
      "snr_vlc_true": 17.754260586816997,
      "success": true
    },
    {
      "t": 180,
      "action": "DUP",
      "K_rf": 1,
      "K_vlc": 1,
      "p_est": 0.9999507457242256,
      "snr_rf_true": 1.6837660482273247,
      "snr_vlc_true": -15.0,
      "success": false
    },
    {
      "t": 181,
      "action": "DUP",
      "K_rf": 1,
      "K_vlc": 1,
      "p_est": 0.9566438052192575,
      "snr_rf_true": 2.081627361708632,
      "snr_vlc_true": 16.963102304740904,
      "success": true
    },
    {
      "t": 182,
      "action": "DUP",
      "K_rf": 1,
      "K_vlc": 1,
      "p_est": 0.9978106542274915,
      "snr_rf_true": 2.5026705120343444,
      "snr_vlc_true": 16.683539753992207,
      "success": true
    },
    {
      "t": 183,
      "action": "DUP",
      "K_rf": 1,
      "K_vlc": 1,
      "p_est": 0.9904381231849751,
      "snr_rf_true": 2.273747436897578,
      "snr_vlc_true": 17.07200253763521,
      "success": true
    },
    {
      "t": 184,
      "action": "DUP",
      "K_rf": 1,
      "K_vlc": 1,
      "p_est": 0.9986536565897417,
      "snr_rf_true": 2.490830858150214,
      "snr_vlc_true": 16.435171280136778,
      "success": true
    },
    {
      "t": 185,
      "action": "DUP",
      "K_rf": 1,
      "K_vlc": 1,
      "p_est": 0.993727672235808,
      "snr_rf_true": 1.9024239263743956,
      "snr_vlc_true": 16.996233865084402,
      "success": true
    },
    {
      "t": 186,
      "action": "DUP",
      "K_rf": 1,
      "K_vlc": 1,
      "p_est": 0.9968125000686767,
      "snr_rf_true": 1.8675361272719628,
      "snr_vlc_true": 16.396095350629906,
      "success": true
    },
    {
      "t": 187,
      "action": "DUP",
      "K_rf": 1,
      "K_vlc": 1,
      "p_est": 0.9862968095585193,
      "snr_rf_true": 2.3020567384247306,
      "snr_vlc_true": -15.0,
      "success": false
    },
    {
      "t": 188,
      "action": "DUP",
      "K_rf": 1,
      "K_vlc": 1,
      "p_est": 0.8682488015883649,
      "snr_rf_true": 1.4919848856198072,
      "snr_vlc_true": 18.071636907770692,
      "success": true
    },
    {
      "t": 189,
      "action": "DUP",
      "K_rf": 1,
      "K_vlc": 1,
      "p_est": 0.9982260128996913,
      "snr_rf_true": 1.7463146148768671,
      "snr_vlc_true": 18.719621961863545,
      "success": true
    },
    {
      "t": 190,
      "action": "DUP",
      "K_rf": 1,
      "K_vlc": 1,
      "p_est": 0.9993940348686046,
      "snr_rf_true": 1.8513405369877447,
      "snr_vlc_true": 16.58661917344222,
      "success": true
    },
    {
      "t": 191,
      "action": "DUP",
      "K_rf": 1,
      "K_vlc": 1,
      "p_est": 0.9979783740613974,
      "snr_rf_true": 1.0527370094753399,
      "snr_vlc_true": 16.866581845044134,
      "success": true
    },
    {
      "t": 192,
      "action": "DUP",
      "K_rf": 1,
      "K_vlc": 1,
      "p_est": 0.997587163392686,
      "snr_rf_true": 1.0149259923348646,
      "snr_vlc_true": 16.845354504221998,
      "success": true
    },
    {
      "t": 193,
      "action": "DUP",
      "K_rf": 1,
      "K_vlc": 1,
      "p_est": 0.997775887674134,
      "snr_rf_true": 1.5500887850746192,
      "snr_vlc_true": 16.518801202365744,
      "success": true
    },
    {
      "t": 194,
      "action": "DUP",
      "K_rf": 1,
      "K_vlc": 1,
      "p_est": 0.9980323754508491,
      "snr_rf_true": 1.4889303164292569,
      "snr_vlc_true": 15.911599547367679,
      "success": true
    },
    {
      "t": 195,
      "action": "DUP",
      "K_rf": 1,
      "K_vlc": 1,
      "p_est": 0.987045011229221,
      "snr_rf_true": 0.527869501617579,
      "snr_vlc_true": 15.990626625283983,
      "success": true
    },
    {
      "t": 196,
      "action": "DUP",
      "K_rf": 1,
      "K_vlc": 1,
      "p_est": 0.991321035929601,
      "snr_rf_true": 0.7220186937138106,
      "snr_vlc_true": 16.758778132034315,
      "success": true
    },
    {
      "t": 197,
      "action": "DUP",
      "K_rf": 1,
      "K_vlc": 1,
      "p_est": 0.9899357344949052,
      "snr_rf_true": -0.5965711095958637,
      "snr_vlc_true": 17.34762967667466,
      "success": true
    },
    {
      "t": 198,
      "action": "DUP",
      "K_rf": 1,
      "K_vlc": 1,
      "p_est": 0.9984859595538509,
      "snr_rf_true": -0.8008469555395674,
      "snr_vlc_true": 17.800222154957126,
      "success": true
    },
    {
      "t": 199,
      "action": "DUP",
      "K_rf": 1,
      "K_vlc": 1,
      "p_est": 0.99797297416952,
      "snr_rf_true": -0.8129543364178797,
      "snr_vlc_true": 17.756974880261513,
      "success": true
    }
  ]
}