{
  "records": [
    {
      "t": 0,
      "action": "DUP",
      "K_rf": 1,
      "K_vlc": 1,
      "p_est": 0.8294859902002759,
      "snr_rf_true": 8.068865278252963,
      "snr_vlc_true": -15.0,
      "success": true
    },
    {
      "t": 1,
      "action": "DUP",
      "K_rf": 1,
      "K_vlc": 1,
      "p_est": 0.8315183561121104,
      "snr_rf_true": 8.26278712981403,
      "snr_vlc_true": 13.201002936457225,
      "success": true
    },
    {
      "t": 2,
      "action": "DUP",
      "K_rf": 1,
      "K_vlc": 1,
      "p_est": 0.8114471107906277,
      "snr_rf_true": 7.9056384193765705,
      "snr_vlc_true": 13.276974960878388,
      "success": true
    },
    {
      "t": 3,
      "action": "DUP",
      "K_rf": 1,
      "K_vlc": 1,
      "p_est": 0.8161216102503499,
      "snr_rf_true": 7.51022076591826,
      "snr_vlc_true": 12.971952574010706,
      "success": true
    },
    {
      "t": 4,
      "action": "DUP",
      "K_rf": 1,
      "K_vlc": 1,
      "p_est": 0.9054944946525103,
      "snr_rf_true": 7.469206185647393,
      "snr_vlc_true": 13.864314588211451,
      "success": true
    },
    {
      "t": 5,
      "action": "DUP",
      "K_rf": 1,
      "K_vlc": 1,
      "p_est": 0.9690600605897479,
      "snr_rf_true": 7.552546470675074,
      "snr_vlc_true": 13.179136155072973,
      "success": true
    },
    {
      "t": 6,
      "action": "DUP",
      "K_rf": 1,
      "K_vlc": 1,
      "p_est": 0.9190223332200755,
      "snr_rf_true": 7.026403028843013,
      "snr_vlc_true": 13.170715536399438,
      "success": true
    },
    {
      "t": 7,
      "action": "DUP",
      "K_rf": 1,
      "K_vlc": 1,
      "p_est": 0.903070183282884,
      "snr_rf_true": 7.279464496175317,
      "snr_vlc_true": 12.573812227258488,
      "success": true
    },
    {
      "t": 8,
      "action": "DUP",
      "K_rf": 1,
      "K_vlc": 1,
      "p_est": 0.9216338532908462,
      "snr_rf_true": 6.633078033094126,
      "snr_vlc_true": 13.853240309487306,
      "success": true
    },
    {
      "t": 9,
      "action": "DUP",
      "K_rf": 1,
      "K_vlc": 1,
      "p_est": 0.9524603280515949,
      "snr_rf_true": 6.543150744271367,
      "snr_vlc_true": 14.740933277795257,
      "success": false
    },
    {
      "t": 10,
      "action": "DUP",
      "K_rf": 1,
      "K_vlc": 1,
      "p_est": 0.9841028260166791,
      "snr_rf_true": 6.826307012143455,
      "snr_vlc_true": 13.581153972863659,
      "success": true
    },
    {
      "t": 11,
      "action": "DUP",
      "K_rf": 1,
      "K_vlc": 1,
      "p_est": 0.8963398105608997,
      "snr_rf_true": 7.113145856744447,
      "snr_vlc_true": 13.657556364415088,
      "success": false
    },
    {
      "t": 12,
      "action": "DUP",
      "K_rf": 1,
      "K_vlc": 1,
      "p_est": 0.8830538957231203,
      "snr_rf_true": 6.927311675589095,
      "snr_vlc_true": 12.822156970589823,
      "success": true
    },
    {
      "t": 13,
      "action": "DUP",
      "K_rf": 1,
      "K_vlc": 1,
      "p_est": 0.8708510027043225,
      "snr_rf_true": 6.850046959146151,
      "snr_vlc_true": 13.906460506539776,
      "success": true
    },
    {
      "t": 14,
      "action": "DUP",
      "K_rf": 1,
      "K_vlc": 1,
      "p_est": 0.822035446645264,
      "snr_rf_true": 6.947541584443377,
      "snr_vlc_true": 14.1878197823684,
      "success": true
    },
    {
      "t": 15,
      "action": "DUP",
      "K_rf": 1,
      "K_vlc": 1,
      "p_est": 0.9752939734812145,
      "snr_rf_true": 6.287459261472066,
      "snr_vlc_true": 13.819162069728074,
      "success": true
    },
    {
      "t": 16,
      "action": "DUP",
      "K_rf": 1,
      "K_vlc": 1,
      "p_est": 0.9808554378274301,
      "snr_rf_true": 6.493467920045479,
      "snr_vlc_true": 13.193758896669252,
      "success": true
    },
    {
      "t": 17,
      "action": "DUP",
      "K_rf": 1,
      "K_vlc": 1,
      "p_est": 0.8553221467119316,
      "snr_rf_true": 6.92915043884697,
      "snr_vlc_true": 13.368795129850085,
      "success": true
    },
    {
      "t": 18,
      "action": "DUP",
      "K_rf": 1,
      "K_vlc": 1,
      "p_est": 0.9652144218292426,
      "snr_rf_true": 6.835992682199643,
      "snr_vlc_true": 14.387500298738033,
      "success": true
    },
    {
      "t": 19,
      "action": "DUP",
      "K_rf": 1,
      "K_vlc": 1,
      "p_est": 0.9701039332101271,
      "snr_rf_true": 7.470783242858964,
      "snr_vlc_true": 14.050802918885063,
      "success": true
    },
    {
      "t": 20,
      "action": "DUP",
      "K_rf": 1,
      "K_vlc": 1,
      "p_est": 0.8998588719626529,
      "snr_rf_true": 7.777866984434873,
      "snr_vlc_true": 14.425669372787503,
      "success": true
    },
    {
      "t": 21,
      "action": "DUP",
      "K_rf": 1,
      "K_vlc": 1,
      "p_est": 0.9737478014166746,
      "snr_rf_true": 7.089894319355587,
      "snr_vlc_true": 13.98521089356444,
      "success": true
    },
    {
      "t": 22,
      "action": "DUP",
      "K_rf": 1,
      "K_vlc": 1,
      "p_est": 0.9675747356356058,
      "snr_rf_true": 6.825922853726594,
      "snr_vlc_true": 14.00408342621189,
      "success": true
    },
    {
      "t": 23,
      "action": "DUP",
      "K_rf": 1,
      "K_vlc": 1,
      "p_est": 0.9705600310324126,
      "snr_rf_true": 6.4809912630063655,
      "snr_vlc_true": 14.94297271037261,
      "success": true
    },
    {
      "t": 24,
      "action": "DUP",
      "K_rf": 1,
      "K_vlc": 1,
      "p_est": 0.9865677977856387,
      "snr_rf_true": 7.003511622279668,
      "snr_vlc_true": 15.052105491542882,
      "success": true
    },
    {
      "t": 25,
      "action": "DUP",
      "K_rf": 1,
      "K_vlc": 1,
      "p_est": 0.980082630960183,
      "snr_rf_true": 6.641820398187636,
      "snr_vlc_true": 13.949399747680614,
      "success": true
    },
    {
      "t": 26,
      "action": "DUP",
      "K_rf": 1,
      "K_vlc": 1,
      "p_est": 0.9254065749877464,
      "snr_rf_true": 6.152035955238929,
      "snr_vlc_true": 14.177782937902096,
      "success": true
    },
    {
      "t": 27,
      "action": "DUP",
      "K_rf": 1,
      "K_vlc": 1,
      "p_est": 0.9625362112722934,
      "snr_rf_true": 6.833552935351206,
      "snr_vlc_true": 14.701320736366057,
      "success": true
    },
    {
      "t": 28,
      "action": "DUP",
      "K_rf": 1,
      "K_vlc": 1,
      "p_est": 0.9813514395451106,
      "snr_rf_true": 7.089557298728006,
      "snr_vlc_true": 14.65096737015237,
      "success": true
    },
    {
      "t": 29,
      "action": "DUP",
      "K_rf": 1,
      "K_vlc": 1,
      "p_est": 0.9787329951372522,
      "snr_rf_true": 6.947598945528911,
      "snr_vlc_true": -15.0,
      "success": false
    },
    {
      "t": 30,
      "action": "DUP",
      "K_rf": 1,
      "K_vlc": 1,
      "p_est": 0.8752989910357387,
      "snr_rf_true": 6.852579079611558,
      "snr_vlc_true": 13.221477171930275,
      "success": true
    },
    {
      "t": 31,
      "action": "DUP",
      "K_rf": 1,
      "K_vlc": 1,
      "p_est": 0.8818038411099525,
      "snr_rf_true": 6.1078508400553275,
      "snr_vlc_true": 13.65281876922428,
      "success": true
    },
    {
      "t": 32,
      "action": "DUP",
      "K_rf": 1,
      "K_vlc": 1,
      "p_est": 0.7792971538040104,
      "snr_rf_true": 6.502390016554412,
      "snr_vlc_true": 13.204914315407114,
      "success": true
    },
    {
      "t": 33,
      "action": "DUP",
      "K_rf": 1,
      "K_vlc": 1,
      "p_est": 0.9502548924471327,
      "snr_rf_true": 6.564969501421563,
      "snr_vlc_true": 13.18931686568273,
      "success": true
    },
    {
      "t": 34,
      "action": "DUP",
      "K_rf": 1,
      "K_vlc": 1,
      "p_est": 0.9463464665402315,
      "snr_rf_true": 7.23545562538378,
      "snr_vlc_true": 12.912424793222648,
      "success": true
    },
    {
      "t": 35,
      "action": "DUP",
      "K_rf": 1,
      "K_vlc": 1,
      "p_est": 0.9115310877837219,
      "snr_rf_true": 7.197968771447087,
      "snr_vlc_true": 11.9010270446855,
      "success": false
    },
    {
      "t": 36,
      "action": "DUP",
      "K_rf": 1,
      "K_vlc": 1,
      "p_est": 0.7782335353292693,
      "snr_rf_true": 7.134069064746679,
      "snr_vlc_true": 11.312841947000148,
      "success": true
    },
    {
      "t": 37,
      "action": "DUP",
      "K_rf": 1,
      "K_vlc": 1,
      "p_est": 0.6594936001082474,
      "snr_rf_true": 7.470753963250865,
      "snr_vlc_true": 11.023555691209193,
      "success": false
    },
    {
      "t": 38,
      "action": "DUP",
      "K_rf": 1,
      "K_vlc": 1,
      "p_est": 0.6046157903899625,
      "snr_rf_true": 6.437590940341291,
      "snr_vlc_true": 10.731042134103399,
      "success": false
    },
    {
      "t": 39,
      "action": "DUP",
      "K_rf": 1,
      "K_vlc": 1,
      "p_est": 0.5522007518235177,
      "snr_rf_true": 7.431381460698317,
      "snr_vlc_true": 9.72953655324902,
      "success": false
    },
    {
      "t": 40,
      "action": "VLC",
      "K_rf": 0,
      "K_vlc": 2,
      "p_est": 0.552685849484604,
      "snr_rf_true": 7.102065377246627,
      "snr_vlc_true": 9.78897627772945,
      "success": false
    },
    {
      "t": 41,
      "action": "VLC",
      "K_rf": 0,
      "K_vlc": 2,
      "p_est": 0.5683253126747143,
      "snr_rf_true": 6.895019164189272,
      "snr_vlc_true": 10.325532709892515,
      "success": true
    },
    {
      "t": 42,
      "action": "VLC",
      "K_rf": 0,
      "K_vlc": 2,
      "p_est": 0.5150289081334258,
      "snr_rf_true": 7.716052834279775,
      "snr_vlc_true": 10.385716631489874,
      "success": true
    },
    {
      "t": 43,
      "action": "DUP",
      "K_rf": 1,
      "K_vlc": 1,
      "p_est": 0.5670087210643775,
      "snr_rf_true": 7.626006712195077,
      "snr_vlc_true": 11.062568688705314,
      "success": true
    },
    {
      "t": 44,
      "action": "VLC",
      "K_rf": 0,
      "K_vlc": 2,
      "p_est": 0.6007546839733163,
      "snr_rf_true": 9.327783793580034,
      "snr_vlc_true": 10.53248374006851,
      "success": false
    },
    {
      "t": 45,
      "action": "DUP",
      "K_rf": 1,
      "K_vlc": 1,
      "p_est": 0.636615596591935,
      "snr_rf_true": 8.97425086816713,
      "snr_vlc_true": 11.79232463171812,
      "success": true
    },
    {
      "t": 46,
      "action": "DUP",
      "K_rf": 1,
      "K_vlc": 1,
      "p_est": 0.7072711997763057,
      "snr_rf_true": 8.365443638724125,
      "snr_vlc_true": 11.618242911386051,
      "success": true
    },
    {
      "t": 47,
      "action": "DUP",
      "K_rf": 1,
      "K_vlc": 1,
      "p_est": 0.8363354170487689,
      "snr_rf_true": 7.655501864269801,
      "snr_vlc_true": 11.193432140786785,
      "success": true
    },
    {
      "t": 48,
      "action": "DUP",
      "K_rf": 0,
      "K_vlc": 0,
      "p_est": 0.4644167106169413,
      "snr_rf_true": 7.050519800902845,
      "snr_vlc_true": 12.467351507785859,
      "success": false
    },
    {
      "t": 49,
      "action": "DUP",
      "K_rf": 1,
      "K_vlc": 1,
      "p_est": 0.7169152259790176,
      "snr_rf_true": 8.071845807673455,
      "snr_vlc_true": 12.232155267652205,
      "success": true
    },
    {
      "t": 50,
      "action": "DUP",
      "K_rf": 1,
      "K_vlc": 1,
      "p_est": 0.7941790096521985,
      "snr_rf_true": 7.398643482816023,
      "snr_vlc_true": 12.659552971506127,
      "success": true
    },
    {
      "t": 51,
      "action": "DUP",
      "K_rf": 1,
      "K_vlc": 1,
      "p_est": 0.7930380844107303,
      "snr_rf_true": 7.875486489624722,
      "snr_vlc_true": 13.044910666368219,
      "success": false
    },
    {
      "t": 52,
      "action": "DUP",
      "K_rf": 1,
      "K_vlc": 1,
      "p_est": 0.8179595332641658,
      "snr_rf_true": 9.167809297867516,
      "snr_vlc_true": 12.006932245361025,
      "success": true
    },
    {
      "t": 53,
      "action": "DUP",
      "K_rf": 1,
      "K_vlc": 1,
      "p_est": 0.7798259569985715,
      "snr_rf_true": 9.094522307625066,
      "snr_vlc_true": 12.585248955856645,
      "success": true
    },
    {
      "t": 54,
      "action": "DUP",
      "K_rf": 1,
      "K_vlc": 1,
      "p_est": 0.7557840818236592,
      "snr_rf_true": 8.575664105437735,
      "snr_vlc_true": 14.609431425922015,
      "success": true
    },
    {
      "t": 55,
      "action": "DUP",
      "K_rf": 1,
      "K_vlc": 1,
      "p_est": 0.8908395976122907,
      "snr_rf_true": 8.006775536077296,
      "snr_vlc_true": 14.548620740688191,
      "success": true
    },
    {
      "t": 56,
      "action": "DUP",
      "K_rf": 1,
      "K_vlc": 1,
      "p_est": 0.9178804483042947,
      "snr_rf_true": 8.785437796547713,
      "snr_vlc_true": 14.305732700090669,
      "success": true
    },
    {
      "t": 57,
      "action": "DUP",
      "K_rf": 1,
      "K_vlc": 1,
      "p_est": 0.9477851919534086,
      "snr_rf_true": 7.130173208110962,
      "snr_vlc_true": 14.78989223727449,
      "success": true
    },
    {
      "t": 58,
      "action": "DUP",
      "K_rf": 1,
      "K_vlc": 1,
      "p_est": 0.9674924627757198,
      "snr_rf_true": 7.583460983671395,
      "snr_vlc_true": 13.570194319002187,
      "success": true
    },
    {
      "t": 59,
      "action": "DUP",
      "K_rf": 1,
      "K_vlc": 1,
      "p_est": 0.9675614372613005,
      "snr_rf_true": 7.083223701740148,
      "snr_vlc_true": 14.02454953249535,
      "success": true
    },
    {
      "t": 60,
      "action": "DUP",
      "K_rf": 1,
      "K_vlc": 1,
      "p_est": 0.9032138032668798,
      "snr_rf_true": 7.594425357571513,
      "snr_vlc_true": 14.476562533178939,
      "success": true
    },
    {
      "t": 61,
      "action": "DUP",
      "K_rf": 1,
      "K_vlc": 1,
      "p_est": 0.800378527828905,
      "snr_rf_true": 7.761512628838096,
      "snr_vlc_true": 14.16692330582859,
      "success": true
    },
    {
      "t": 62,
      "action": "DUP",
      "K_rf": 1,
      "K_vlc": 1,
      "p_est": 0.9333896439077459,
      "snr_rf_true": 8.001547870237093,
      "snr_vlc_true": 13.701534363278721,
      "success": true
    },
    {
      "t": 63,
      "action": "DUP",
      "K_rf": 1,
      "K_vlc": 1,
      "p_est": 0.8875843176523923,
      "snr_rf_true": 8.565694237602203,
      "snr_vlc_true": 13.458087849173376,
      "success": true
    },
    {
      "t": 64,
      "action": "DUP",
      "K_rf": 1,
      "K_vlc": 1,
      "p_est": 0.8676831027761676,
      "snr_rf_true": 8.901500647850282,
      "snr_vlc_true": 13.43458706608733,
      "success": true
    },
    {
      "t": 65,
      "action": "DUP",
      "K_rf": 1,
      "K_vlc": 1,
      "p_est": 0.9152162795084251,
      "snr_rf_true": 9.371792302077363,
      "snr_vlc_true": -15.0,
      "success": false
    },
    {
      "t": 66,
      "action": "DUP",
      "K_rf": 1,
      "K_vlc": 1,
      "p_est": 0.8622177028706112,
      "snr_rf_true": 9.129942542766619,
      "snr_vlc_true": -15.0,
      "success": false
    },
    {
      "t": 67,
      "action": "DUP",
      "K_rf": 1,
      "K_vlc": 1,
      "p_est": 0.8545870590163537,
      "snr_rf_true": 9.258563718155528,
      "snr_vlc_true": -15.0,
      "success": false
    },
    {
      "t": 68,
      "action": "DUP",
      "K_rf": 1,
      "K_vlc": 1,
      "p_est": 0.842689819109266,
      "snr_rf_true": 8.249980096701414,
      "snr_vlc_true": -15.0,
      "success": false
    },
    {
      "t": 69,
      "action": "DUP",
      "K_rf": 1,
      "K_vlc": 1,
      "p_est": 0.8466614109225776,
      "snr_rf_true": 8.099196237746712,
      "snr_vlc_true": -15.0,
      "success": true
    },
    {
      "t": 70,
      "action": "DUP",
      "K_rf": 1,
      "K_vlc": 1,
      "p_est": 0.8361547178647861,
      "snr_rf_true": 8.433996480948297,
      "snr_vlc_true": -15.0,
      "success": true
    },
    {
      "t": 71,
      "action": "DUP",
      "K_rf": 1,
      "K_vlc": 1,
      "p_est": 0.8332889436863579,
      "snr_rf_true": 9.215750326958993,
      "snr_vlc_true": -15.0,
      "success": false
    },
    {
      "t": 72,
      "action": "DUP",
      "K_rf": 1,
      "K_vlc": 1,
      "p_est": 0.8444417680344689,
      "snr_rf_true": 9.686877953705089,
      "snr_vlc_true": -15.0,
      "success": false
    },
    {
      "t": 73,
      "action": "DUP",
      "K_rf": 1,
      "K_vlc": 1,
      "p_est": 0.8580678560765327,
      "snr_rf_true": 9.137266808880675,
      "snr_vlc_true": -15.0,
      "success": true
    },
    {
      "t": 74,
      "action": "DUP",
      "K_rf": 1,
      "K_vlc": 1,
      "p_est": 0.8459774510306515,
      "snr_rf_true": 9.513373137809799,
      "snr_vlc_true": -15.0,
      "success": true
    },
    {
      "t": 75,
      "action": "DUP",
      "K_rf": 1,
      "K_vlc": 1,
      "p_est": 0.8553616638970873,
      "snr_rf_true": 8.823090430007728,
      "snr_vlc_true": 9.983769548194427,
      "success": false
    },
    {
      "t": 76,
      "action": "DUP",
      "K_rf": 1,
      "K_vlc": 1,
      "p_est": 0.5773887005929341,
      "snr_rf_true": 9.410389309954974,
      "snr_vlc_true": 9.305091488577009,
      "success": true
    },
    {
      "t": 77,
      "action": "RF",
      "K_rf": 2,
      "K_vlc": 0,
      "p_est": 0.5653679876891956,
      "snr_rf_true": 8.889731266906546,
      "snr_vlc_true": 9.528709402854208,
      "success": false
    },
    {
      "t": 78,
      "action": "RF",
      "K_rf": 2,
      "K_vlc": 0,
      "p_est": 0.5374785302527199,
      "snr_rf_true": 9.037616920899861,
      "snr_vlc_true": 10.343496260205761,
      "success": true
    },
    {
      "t": 79,
      "action": "RF",
      "K_rf": 2,
      "K_vlc": 0,
      "p_est": 0.5494386896698534,
      "snr_rf_true": 9.26633818015185,
      "snr_vlc_true": 10.549652890206678,
      "success": true
    },
    {
      "t": 80,
      "action": "RF",
      "K_rf": 2,
      "K_vlc": 0,
      "p_est": 0.5340445749496046,
      "snr_rf_true": 9.388908685301674,
      "snr_vlc_true": 11.006284723417624,
      "success": false
    },
    {
      "t": 81,
      "action": "DUP",
      "K_rf": 1,
      "K_vlc": 1,
      "p_est": 0.556523857312096,
      "snr_rf_true": 10.466090379024333,
      "snr_vlc_true": 9.830806083425385,
      "success": false
    },
    {
      "t": 82,
      "action": "DUP",
      "K_rf": 1,
      "K_vlc": 1,
      "p_est": 0.6283743684756866,
      "snr_rf_true": 10.107375542367029,
      "snr_vlc_true": 10.339594343672724,
      "success": true
    },
    {
      "t": 83,
      "action": "DUP",
      "K_rf": 1,
      "K_vlc": 1,
      "p_est": 0.6303993672810484,
      "snr_rf_true": 8.355739559604935,
      "snr_vlc_true": 10.71559005566942,
      "success": true
    },
    {
      "t": 84,
      "action": "DUP",
      "K_rf": 1,
      "K_vlc": 1,
      "p_est": 0.6700536499196867,
      "snr_rf_true": 8.890512684967812,
      "snr_vlc_true": 10.614658332466387,
      "success": false
    },
    {
      "t": 85,
      "action": "DUP",
      "K_rf": 1,
      "K_vlc": 1,
      "p_est": 0.7269202163971966,
      "snr_rf_true": 8.673208190626138,
      "snr_vlc_true": 12.326485639828904,
      "success": true
    },
    {
      "t": 86,
      "action": "DUP",
      "K_rf": 1,
      "K_vlc": 1,
      "p_est": 0.7926525096102792,
      "snr_rf_true": 9.223169538410685,
      "snr_vlc_true": 11.486317385727274,
      "success": true
    },
    {
      "t": 87,
      "action": "DUP",
      "K_rf": 1,
      "K_vlc": 1,
      "p_est": 0.8056433837558803,
      "snr_rf_true": 9.447993690169943,
      "snr_vlc_true": 11.388544220340249,
      "success": true
    },
    {
      "t": 88,
      "action": "DUP",
      "K_rf": 1,
      "K_vlc": 1,
      "p_est": 0.8185114036800982,
      "snr_rf_true": 9.326232889539932,
      "snr_vlc_true": 11.169535756473119,
      "success": false
    },
    {
      "t": 89,
      "action": "DUP",
      "K_rf": 1,
      "K_vlc": 1,
      "p_est": 0.7977726860201411,
      "snr_rf_true": 10.341832262771648,
      "snr_vlc_true": 11.634022245922218,
      "success": true
    },
    {
      "t": 90,
      "action": "DUP",
      "K_rf": 1,
      "K_vlc": 1,
      "p_est": 0.7904067354548622,
      "snr_rf_true": 10.509680586827548,
      "snr_vlc_true": 11.60654514295842,
      "success": false
    },
    {
      "t": 91,
      "action": "DUP",
      "K_rf": 1,
      "K_vlc": 1,
      "p_est": 0.8387323958289932,
      "snr_rf_true": 10.303446270100073,
      "snr_vlc_true": 11.49936175577729,
      "success": true
    },
    {
      "t": 92,
      "action": "DUP",
      "K_rf": 1,
      "K_vlc": 1,
      "p_est": 0.8421193563476379,
      "snr_rf_true": 10.118945168321224,
      "snr_vlc_true": 12.168191066388397,
      "success": true
    },
    {
      "t": 93,
      "action": "DUP",
      "K_rf": 1,
      "K_vlc": 1,
      "p_est": 0.7616104567294288,
      "snr_rf_true": 10.61984191337065,
      "snr_vlc_true": 12.685229449056012,
      "success": true
    },
    {
      "t": 94,
      "action": "DUP",
      "K_rf": 1,
      "K_vlc": 1,
      "p_est": 0.8451918625611375,
      "snr_rf_true": 10.299561267048976,
      "snr_vlc_true": 12.49346920757575,
      "success": true
    },
    {
      "t": 95,
      "action": "DUP",
      "K_rf": 1,
      "K_vlc": 1,
      "p_est": 0.8447919669866977,
      "snr_rf_true": 10.992169298333824,
      "snr_vlc_true": 12.280997111952773,
      "success": true
    },
    {
      "t": 96,
      "action": "DUP",
      "K_rf": 1,
      "K_vlc": 1,
      "p_est": 0.8421685851726102,
      "snr_rf_true": 8.676837897657213,
      "snr_vlc_true": 13.44700312349298,
      "success": true
    },
    {
      "t": 97,
      "action": "DUP",
      "K_rf": 1,
      "K_vlc": 1,
      "p_est": 0.8874251596230877,
      "snr_rf_true": 8.687797979029769,
      "snr_vlc_true": 12.837485011943373,
      "success": true
    },
    {
      "t": 98,
      "action": "DUP",
      "K_rf": 1,
      "K_vlc": 1,
      "p_est": 0.8551755288197702,
      "snr_rf_true": 9.388934083890774,
      "snr_vlc_true": 12.510946791540583,
      "success": false
    },
    {
      "t": 99,
      "action": "DUP",
      "K_rf": 1,
      "K_vlc": 1,
      "p_est": 0.8613781083806766,
      "snr_rf_true": 8.935210487691746,
      "snr_vlc_true": 13.42423689980249,
      "success": true
    },
    {
      "t": 100,
      "action": "DUP",
      "K_rf": 1,
      "K_vlc": 1,
      "p_est": 0.9314298514649921,
      "snr_rf_true": 8.146008175814297,
      "snr_vlc_true": 13.840931860865076,
      "success": true
    },
    {
      "t": 101,
      "action": "DUP",
      "K_rf": 1,
      "K_vlc": 1,
      "p_est": 0.870447289902126,
      "snr_rf_true": 7.738398842476061,
      "snr_vlc_true": 14.665727620212149,
      "success": true
    },
    {
      "t": 102,
      "action": "DUP",
      "K_rf": 1,
      "K_vlc": 1,
      "p_est": 0.9730842765531238,
      "snr_rf_true": 8.149029686911131,
      "snr_vlc_true": 13.774996796170882,
      "success": true
    },
    {
      "t": 103,
      "action": "DUP",
      "K_rf": 1,
      "K_vlc": 1,
      "p_est": 0.9319002792354906,
      "snr_rf_true": 8.066993476751387,
      "snr_vlc_true": 14.52576889727266,
      "success": true
    },
    {
      "t": 104,
      "action": "DUP",
      "K_rf": 1,
      "K_vlc": 1,
      "p_est": 0.9867951008336996,
      "snr_rf_true": 7.124484437054278,
      "snr_vlc_true": 14.551027035045685,
      "success": true
    },
    {
      "t": 105,
      "action": "DUP",
      "K_rf": 1,
      "K_vlc": 1,
      "p_est": 0.9702023245438116,
      "snr_rf_true": 7.0469774382237045,
      "snr_vlc_true": 14.853870144862231,
      "success": true
    },
    {
      "t": 106,
      "action": "DUP",
      "K_rf": 1,
      "K_vlc": 1,
      "p_est": 0.9792583263252743,
      "snr_rf_true": 7.047975994995345,
      "snr_vlc_true": 15.570744334820041,
      "success": true
    },
    {
      "t": 107,
      "action": "DUP",
      "K_rf": 1,
      "K_vlc": 1,
      "p_est": 0.9837743961179146,
      "snr_rf_true": 8.09865827501454,
      "snr_vlc_true": 15.365054156841515,
      "success": true
    },
    {
      "t": 108,
      "action": "DUP",
      "K_rf": 1,
      "K_vlc": 1,
      "p_est": 0.9880999145751642,
      "snr_rf_true": 7.46628653014659,
      "snr_vlc_true": 14.106402745139425,
      "success": true
    },
    {
      "t": 109,
      "action": "DUP",
      "K_rf": 1,
      "K_vlc": 1,
      "p_est": 0.9824547397426894,
      "snr_rf_true": 7.653014574455033,
      "snr_vlc_true": 14.397407231012426,
      "success": true
    },
    {
      "t": 110,
      "action": "DUP",
      "K_rf": 1,
      "K_vlc": 1,
      "p_est": 0.9751149031646622,
      "snr_rf_true": 8.14610538542682,
      "snr_vlc_true": 14.065095530365337,
      "success": true
    },
    {
      "t": 111,
      "action": "DUP",
      "K_rf": 1,
      "K_vlc": 1,
      "p_est": 0.9716193150668603,
      "snr_rf_true": 8.364570748619247,
      "snr_vlc_true": -15.0,
      "success": true
    },
    {
      "t": 112,
      "action": "DUP",
      "K_rf": 1,
      "K_vlc": 1,
      "p_est": 0.8734659582124011,
      "snr_rf_true": 8.867637461679173,
      "snr_vlc_true": 12.445311078341028,
      "success": true
    },
    {
      "t": 113,
      "action": "DUP",
      "K_rf": 1,
      "K_vlc": 1,
      "p_est": 0.8448949676908377,
      "snr_rf_true": 9.641495253231334,
      "snr_vlc_true": 12.020069777661734,
      "success": true
    },
    {
      "t": 114,
      "action": "DUP",
      "K_rf": 1,
      "K_vlc": 1,
      "p_est": 0.8538254805801728,
      "snr_rf_true": 10.128282231197227,
      "snr_vlc_true": 11.529561243119208,
      "success": true
    },
    {
      "t": 115,
      "action": "DUP",
      "K_rf": 1,
      "K_vlc": 1,
      "p_est": 0.8474951262937258,
      "snr_rf_true": 9.45091308194507,
      "snr_vlc_true": 11.333060574329963,
      "success": false
    },
    {
      "t": 116,
      "action": "DUP",
      "K_rf": 1,
      "K_vlc": 1,
      "p_est": 0.7402886371727566,
      "snr_rf_true": 9.406346460946741,
      "snr_vlc_true": 10.991546247900526,
      "success": false
    },
    {
      "t": 117,
      "action": "DUP",
      "K_rf": 1,
      "K_vlc": 1,
      "p_est": 0.6719549509371736,
      "snr_rf_true": 9.511999540408375,
      "snr_vlc_true": 11.028507497994664,
      "success": true
    },
    {
      "t": 118,
      "action": "DUP",
      "K_rf": 1,
      "K_vlc": 1,
      "p_est": 0.7043719358934628,
      "snr_rf_true": 8.856862180359492,
      "snr_vlc_true": 11.859599049740947,
      "success": true
    },
    {
      "t": 119,
      "action": "DUP",
      "K_rf": 1,
      "K_vlc": 1,
      "p_est": 0.7614315209065022,
      "snr_rf_true": 8.119618584689373,
      "snr_vlc_true": 12.641874075268392,
      "success": true
    },
    {
      "t": 120,
      "action": "DUP",
      "K_rf": 1,
      "K_vlc": 1,
      "p_est": 0.7269676327904404,
      "snr_rf_true": 7.254932855116884,
      "snr_vlc_true": 12.99138512258002,
      "success": true
    },
    {
      "t": 121,
      "action": "DUP",
      "K_rf": 1,
      "K_vlc": 1,
      "p_est": 0.8184976427898127,
      "snr_rf_true": 8.547075296001733,
      "snr_vlc_true": 12.636499297116826,
      "success": true
    },
    {
      "t": 122,
      "action": "DUP",
      "K_rf": 1,
      "K_vlc": 1,
      "p_est": 0.8762186324676262,
      "snr_rf_true": 7.778610827652802,
      "snr_vlc_true": 12.614635308821438,
      "success": true
    },
    {
      "t": 123,
      "action": "DUP",
      "K_rf": 1,
      "K_vlc": 1,
      "p_est": 0.8380658300648433,
      "snr_rf_true": 7.427178828615319,
      "snr_vlc_true": 12.567843787719907,
      "success": false
    },
    {
      "t": 124,
      "action": "DUP",
      "K_rf": 1,
      "K_vlc": 1,
      "p_est": 0.7561509247163394,
      "snr_rf_true": 7.722073943063557,
      "snr_vlc_true": 13.509107810895678,
      "success": true
    },
    {
      "t": 125,
      "action": "DUP",
      "K_rf": 1,
      "K_vlc": 1,
      "p_est": 0.9225044845698344,
      "snr_rf_true": 8.236069489892419,
      "snr_vlc_true": 12.728449323473784,
      "success": true
    },
    {
      "t": 126,
      "action": "DUP",
      "K_rf": 1,
      "K_vlc": 1,
      "p_est": 0.7853052745365215,
      "snr_rf_true": 8.046672654669617,
      "snr_vlc_true": 13.179100125583382,
      "success": true
    },
    {
      "t": 127,
      "action": "DUP",
      "K_rf": 1,
      "K_vlc": 1,
      "p_est": 0.9216928313656182,
      "snr_rf_true": 8.24188083223022,
      "snr_vlc_true": 13.373244983373997,
      "success": true
    },
    {
      "t": 128,
      "action": "DUP",
      "K_rf": 1,
      "K_vlc": 1,
      "p_est": 0.9241842204117049,
      "snr_rf_true": 8.900793338575363,
      "snr_vlc_true": 12.964354563528577,
      "success": true
    },
    {
      "t": 129,
      "action": "DUP",
      "K_rf": 1,
      "K_vlc": 1,
      "p_est": 0.8674517766658015,
      "snr_rf_true": 8.532829938420248,
      "snr_vlc_true": 12.62026761480407,
      "success": true
    },
    {
      "t": 130,
      "action": "DUP",
      "K_rf": 1,
      "K_vlc": 1,
      "p_est": 0.7989927459253091,
      "snr_rf_true": 8.442106425001272,
      "snr_vlc_true": 13.606648132438542,
      "success": true
    },
    {
      "t": 131,
      "action": "DUP",
      "K_rf": 1,
      "K_vlc": 1,
      "p_est": 0.9562874959889581,
      "snr_rf_true": 8.714804030541119,
      "snr_vlc_true": -15.0,
      "success": false
    },
    {
      "t": 132,
      "action": "DUP",
      "K_rf": 1,
      "K_vlc": 1,
      "p_est": 0.873876305254504,
      "snr_rf_true": 8.30165439467312,
      "snr_vlc_true": -15.0,
      "success": false
    },
    {
      "t": 133,
      "action": "DUP",
      "K_rf": 1,
      "K_vlc": 1,
      "p_est": 0.8507225815020513,
      "snr_rf_true": 7.360011351112141,
      "snr_vlc_true": -15.0,
      "success": true
    },
    {
      "t": 134,
      "action": "DUP",
      "K_rf": 1,
      "K_vlc": 1,
      "p_est": 0.8296469106699266,
      "snr_rf_true": 6.845175683120461,
      "snr_vlc_true": 14.262102426090074,
      "success": true
    },
    {
      "t": 135,
      "action": "DUP",
      "K_rf": 1,
      "K_vlc": 1,
      "p_est": 0.971014045288728,
      "snr_rf_true": 6.246240137006738,
      "snr_vlc_true": 13.584907220506082,
      "success": true
    },
    {
      "t": 136,
      "action": "DUP",
      "K_rf": 1,
      "K_vlc": 1,
      "p_est": 0.9428144765918596,
      "snr_rf_true": 6.327325008995108,
      "snr_vlc_true": 13.704569078626202,
      "success": true
    },
    {
      "t": 137,
      "action": "DUP",
      "K_rf": 1,
      "K_vlc": 1,
      "p_est": 0.9690091451478386,
      "snr_rf_true": 6.510542359852692,
      "snr_vlc_true": 14.101489765445644,
      "success": true
    },
    {
      "t": 138,
      "action": "DUP",
      "K_rf": 1,
      "K_vlc": 1,
      "p_est": 0.969745820636897,
      "snr_rf_true": 6.863499009169856,
      "snr_vlc_true": 14.17736151334783,
      "success": true
    },
    {
      "t": 139,
      "action": "DUP",
      "K_rf": 1,
      "K_vlc": 1,
      "p_est": 0.9216097275618952,
      "snr_rf_true": 7.824763218137954,
      "snr_vlc_true": 14.507551305759641,
      "success": true
    },
    {
      "t": 140,
      "action": "DUP",
      "K_rf": 1,
      "K_vlc": 1,
      "p_est": 0.977410007114202,
      "snr_rf_true": 7.743035538835963,
      "snr_vlc_true": 13.425971581262667,
      "success": true
    },
    {
      "t": 141,
      "action": "DUP",
      "K_rf": 1,
      "K_vlc": 1,
      "p_est": 0.8210650767113592,
      "snr_rf_true": 7.586912120919668,
      "snr_vlc_true": 13.478203496145621,
      "success": true
    },
    {
      "t": 142,
      "action": "DUP",
      "K_rf": 1,
      "K_vlc": 1,
      "p_est": 0.8604433897210406,
      "snr_rf_true": 7.54829355401403,
      "snr_vlc_true": 13.584228964260053,
      "success": true
    },
    {
      "t": 143,
      "action": "DUP",
      "K_rf": 1,
      "K_vlc": 1,
      "p_est": 0.9661641303397986,
      "snr_rf_true": 7.056917558443469,
      "snr_vlc_true": 13.419201303728006,
      "success": true
    },
    {
      "t": 144,
      "action": "DUP",
      "K_rf": 1,
      "K_vlc": 1,
      "p_est": 0.961737160276619,
      "snr_rf_true": 7.41392111564457,
      "snr_vlc_true": 13.811549454531361,
      "success": true
    },
    {
      "t": 145,
      "action": "DUP",
      "K_rf": 1,
      "K_vlc": 1,
      "p_est": 0.9670798933284307,
      "snr_rf_true": 7.302674990713751,
      "snr_vlc_true": -15.0,
      "success": false
    },
    {
      "t": 146,
      "action": "DUP",
      "K_rf": 1,
      "K_vlc": 1,
      "p_est": 0.8556487653942519,
      "snr_rf_true": 8.358186151087871,
      "snr_vlc_true": -15.0,
      "success": false
    },
    {
      "t": 147,
      "action": "DUP",
      "K_rf": 1,
      "K_vlc": 1,
      "p_est": 0.8338568100703166,
      "snr_rf_true": 8.361941142408766,
      "snr_vlc_true": -15.0,
      "success": false
    },
    {
      "t": 148,
      "action": "DUP",
      "K_rf": 1,
      "K_vlc": 1,
      "p_est": 0.8252063939963692,
      "snr_rf_true": 7.690587569603494,
      "snr_vlc_true": 11.857346099733755,
      "success": true
    },
    {
      "t": 149,
      "action": "DUP",
      "K_rf": 1,
      "K_vlc": 1,
      "p_est": 0.8084992998768303,
      "snr_rf_true": 6.658914005621097,
      "snr_vlc_true": 11.93863789401879,
      "success": true
    },
    {
      "t": 150,
      "action": "DUP",
      "K_rf": 1,
      "K_vlc": 1,
      "p_est": 0.6506522142418364,
      "snr_rf_true": 7.152573241937141,
      "snr_vlc_true": 11.578947246919752,
      "success": false
    },
    {
      "t": 151,
      "action": "DUP",
      "K_rf": 1,
      "K_vlc": 1,
      "p_est": 0.7961977053444894,
      "snr_rf_true": 6.209372361910211,
      "snr_vlc_true": 13.247217366269037,
      "success": true
    },
    {
      "t": 152,
      "action": "DUP",
      "K_rf": 1,
      "K_vlc": 1,
      "p_est": 0.9678428756549469,
      "snr_rf_true": 6.429081422086124,
      "snr_vlc_true": 13.668186578860597,
      "success": true
    },
    {
      "t": 153,
      "action": "DUP",
      "K_rf": 1,
      "K_vlc": 1,
      "p_est": 0.9499375490336333,
      "snr_rf_true": 6.2762040394737015,
      "snr_vlc_true": 15.05167175211726,
      "success": true
    },
    {
      "t": 154,
      "action": "DUP",
      "K_rf": 1,
      "K_vlc": 1,
      "p_est": 0.9737180704868422,
      "snr_rf_true": 5.965733791875129,
      "snr_vlc_true": 15.264135976498888,
      "success": true
    },
    {
      "t": 155,
      "action": "DUP",
      "K_rf": 1,
      "K_vlc": 1,
      "p_est": 0.9431279088243217,
      "snr_rf_true": 6.639892461035058,
      "snr_vlc_true": 14.482362521256025,
      "success": true
    },
    {
      "t": 156,
      "action": "DUP",
      "K_rf": 1,
      "K_vlc": 1,
      "p_est": 0.9735673346626349,
      "snr_rf_true": 6.150183917493039,
      "snr_vlc_true": 16.13349740940853,
      "success": true
    },
    {
      "t": 157,
      "action": "DUP",
      "K_rf": 1,
      "K_vlc": 1,
      "p_est": 0.9803939202386953,
      "snr_rf_true": 7.039377006094141,
      "snr_vlc_true": 15.277458712434832,
      "success": true
    },
    {
      "t": 158,
      "action": "DUP",
      "K_rf": 1,
      "K_vlc": 1,
      "p_est": 0.9779088419165857,
      "snr_rf_true": 6.718941543628744,
      "snr_vlc_true": 14.658067151632844,
      "success": true
    },
    {
      "t": 159,
      "action": "DUP",
      "K_rf": 1,
      "K_vlc": 1,
      "p_est": 0.9668487065871977,
      "snr_rf_true": 6.926835607518345,
      "snr_vlc_true": 14.880026028973713,
      "success": true
    },
    {
      "t": 160,
      "action": "DUP",
      "K_rf": 1,
      "K_vlc": 1,
      "p_est": 0.9658883663341948,
      "snr_rf_true": 6.284100015673674,
      "snr_vlc_true": 14.937001678252923,
      "success": true
    },
    {
      "t": 161,
      "action": "DUP",
      "K_rf": 1,
      "K_vlc": 1,
      "p_est": 0.9750177951906824,
      "snr_rf_true": 6.613059325022726,
      "snr_vlc_true": 14.359874393153428,
      "success": true
    },
    {
      "t": 162,
      "action": "DUP",
      "K_rf": 1,
      "K_vlc": 1,
      "p_est": 0.9703580060460805,
      "snr_rf_true": 6.309662788835645,
      "snr_vlc_true": 14.574178394516101,
      "success": true
    },
    {
      "t": 163,
      "action": "DUP",
      "K_rf": 1,
      "K_vlc": 1,
      "p_est": 0.9863933779914392,
      "snr_rf_true": 6.0647366819293325,
      "snr_vlc_true": 14.810577830409494,
      "success": true
    },
    {
      "t": 164,
      "action": "DUP",
      "K_rf": 1,
      "K_vlc": 1,
      "p_est": 0.9711383671386972,
      "snr_rf_true": 6.791630709197602,
      "snr_vlc_true": 14.41548769242275,
      "success": true
    },
    {
      "t": 165,
      "action": "DUP",
      "K_rf": 1,
      "K_vlc": 1,
      "p_est": 0.9648977542506323,
      "snr_rf_true": 6.375254443775795,
      "snr_vlc_true": 14.01615656316438,
      "success": true
    },
    {
      "t": 166,
      "action": "DUP",
      "K_rf": 1,
      "K_vlc": 1,
      "p_est": 0.9611960591259012,
      "snr_rf_true": 6.450290842238642,
      "snr_vlc_true": 13.468190638927632,
      "success": true
    },
    {
      "t": 167,
      "action": "DUP",
      "K_rf": 1,
      "K_vlc": 1,
      "p_est": 0.8756016797533015,
      "snr_rf_true": 6.543760111663039,
      "snr_vlc_true": 13.301855710079527,
      "success": true
    },
    {
      "t": 168,
      "action": "DUP",
      "K_rf": 1,
      "K_vlc": 1,
      "p_est": 0.885715559326866,
      "snr_rf_true": 6.0882889883886815,
      "snr_vlc_true": 13.430516229239066,
      "success": true
    },
    {
      "t": 169,
      "action": "DUP",
      "K_rf": 1,
      "K_vlc": 1,
      "p_est": 0.8927848140706396,
      "snr_rf_true": 6.224823003519374,
      "snr_vlc_true": 12.70925826645079,
      "success": true
    },
    {
      "t": 170,
      "action": "DUP",
      "K_rf": 1,
      "K_vlc": 1,
      "p_est": 0.8927709588800303,
      "snr_rf_true": 7.551323224097384,
      "snr_vlc_true": 12.176221073661479,
      "success": true
    },
    {
      "t": 171,
      "action": "DUP",
      "K_rf": 1,
      "K_vlc": 1,
      "p_est": 0.8359719718825736,
      "snr_rf_true": 7.778347380856056,
      "snr_vlc_true": 12.316051675119294,
      "success": true
    },
    {
      "t": 172,
      "action": "DUP",
      "K_rf": 1,
      "K_vlc": 1,
      "p_est": 0.8163223351439741,
      "snr_rf_true": 8.084847707103938,
      "snr_vlc_true": 13.40356106281853,
      "success": true
    },
    {
      "t": 173,
      "action": "DUP",
      "K_rf": 1,
      "K_vlc": 1,
      "p_est": 0.8562087392399542,
      "snr_rf_true": 8.12901267598237,
      "snr_vlc_true": 13.394085536045058,
      "success": true
    },
    {
      "t": 174,
      "action": "DUP",
      "K_rf": 1,
      "K_vlc": 1,
      "p_est": 0.944420924860783,
      "snr_rf_true": 8.094286772520583,
      "snr_vlc_true": 12.980519722294403,
      "success": false
    },
    {
      "t": 175,
      "action": "DUP",
      "K_rf": 1,
      "K_vlc": 1,
      "p_est": 0.8787367333508619,
      "snr_rf_true": 7.227253378539084,
      "snr_vlc_true": 12.945477934648242,
      "success": true
    },
    {
      "t": 176,
      "action": "DUP",
      "K_rf": 1,
      "K_vlc": 1,
      "p_est": 0.853663660104452,
      "snr_rf_true": 7.64169164610071,
      "snr_vlc_true": 12.390650929745185,
      "success": true
    },
    {
      "t": 177,
      "action": "DUP",
      "K_rf": 1,
      "K_vlc": 1,
      "p_est": 0.8163949809528931,
      "snr_rf_true": 7.781747283906663,
      "snr_vlc_true": 12.809347449035268,
      "success": true
    },
    {
      "t": 178,
      "action": "DUP",
      "K_rf": 1,
      "K_vlc": 1,
      "p_est": 0.8370859372604903,
      "snr_rf_true": 8.168331228966165,
      "snr_vlc_true": 12.745989081188885,
      "success": false
    },
    {
      "t": 179,
      "action": "DUP",
      "K_rf": 1,
      "K_vlc": 1,
      "p_est": 0.7911488642941691,
      "snr_rf_true": 7.6315654578840775,
      "snr_vlc_true": 11.650356307395151,
      "success": true
    },
    {
      "t": 180,
      "action": "DUP",
      "K_rf": 1,
      "K_vlc": 1,
      "p_est": 0.7185595813370449,
      "snr_rf_true": 8.085025400894231,
      "snr_vlc_true": 11.582923860939816,
      "success": false
    },
    {
      "t": 181,
      "action": "DUP",
      "K_rf": 1,
      "K_vlc": 1,
      "p_est": 0.7837229209314283,
      "snr_rf_true": 7.12042319098636,
      "snr_vlc_true": 12.767050203001316,
      "success": true
    },
    {
      "t": 182,
      "action": "DUP",
      "K_rf": 1,
      "K_vlc": 1,
      "p_est": 0.8609899199964419,
      "snr_rf_true": 7.0089614595277885,
      "snr_vlc_true": 13.553381669720642,
      "success": true
    },
    {
      "t": 183,
      "action": "DUP",
      "K_rf": 1,
      "K_vlc": 1,
      "p_est": 0.8741689509297843,
      "snr_rf_true": 7.222921918521157,
      "snr_vlc_true": 12.979281179079974,
      "success": true
    },
    {
      "t": 184,
      "action": "DUP",
      "K_rf": 1,
      "K_vlc": 1,
      "p_est": 0.8850523415777997,
      "snr_rf_true": 6.765302790986929,
      "snr_vlc_true": 13.234838661675537,
      "success": true
    },
    {
      "t": 185,
      "action": "DUP",
      "K_rf": 1,
      "K_vlc": 1,
      "p_est": 0.8232557196413957,
      "snr_rf_true": 6.996556644198898,
      "snr_vlc_true": 13.066821828945095,
      "success": true
    },
    {
      "t": 186,
      "action": "DUP",
      "K_rf": 1,
      "K_vlc": 1,
      "p_est": 0.8449966773378513,
      "snr_rf_true": 6.488683150869117,
      "snr_vlc_true": 12.593932879629413,
      "success": true
    },
    {
      "t": 187,
      "action": "DUP",
      "K_rf": 1,
      "K_vlc": 1,
      "p_est": 0.8562681449773812,
      "snr_rf_true": 7.941483997331908,
      "snr_vlc_true": 12.36460661769803,
      "success": true
    },
    {
      "t": 188,
      "action": "DUP",
      "K_rf": 1,
      "K_vlc": 1,
      "p_est": 0.7278295819246773,
      "snr_rf_true": 7.738165947374771,
      "snr_vlc_true": 12.803160313090771,
      "success": false
    },
    {
      "t": 189,
      "action": "DUP",
      "K_rf": 1,
      "K_vlc": 1,
      "p_est": 0.8362269598282185,
      "snr_rf_true": 8.387266751507765,
      "snr_vlc_true": 13.705343887330352,
      "success": true
    },
    {
      "t": 190,
      "action": "DUP",
      "K_rf": 1,
      "K_vlc": 1,
      "p_est": 0.913079252505287,
      "snr_rf_true": 6.7602497084924025,
      "snr_vlc_true": 13.823642328601364,
      "success": true
    },
    {
      "t": 191,
      "action": "DUP",
      "K_rf": 1,
      "K_vlc": 1,
      "p_est": 0.8535834357461032,
      "snr_rf_true": 6.700140845258947,
      "snr_vlc_true": 13.193043351064503,
      "success": true
    },
    {
      "t": 192,
      "action": "DUP",
      "K_rf": 1,
      "K_vlc": 1,
      "p_est": 0.8562441425947818,
      "snr_rf_true": 6.650541561232036,
      "snr_vlc_true": 13.542141720865116,
      "success": true
    },
    {
      "t": 193,
      "action": "DUP",
      "K_rf": 1,
      "K_vlc": 1,
      "p_est": 0.9379715147482317,
      "snr_rf_true": 6.5334042612448435,
      "snr_vlc_true": 12.463835081469927,
      "success": true
    },
    {
      "t": 194,
      "action": "DUP",
      "K_rf": 1,
      "K_vlc": 1,
      "p_est": 0.8286602672025384,
      "snr_rf_true": 5.986153734588814,
      "snr_vlc_true": -15.0,
      "success": false
    },
    {
      "t": 195,
      "action": "DUP",
      "K_rf": 1,
      "K_vlc": 1,
      "p_est": 0.8087601299165781,
      "snr_rf_true": 5.6856287775479455,
      "snr_vlc_true": -15.0,
      "success": false
    },
    {
      "t": 196,
      "action": "DUP",
      "K_rf": 1,
      "K_vlc": 1,
      "p_est": 0.8045695223506384,
      "snr_rf_true": 6.315565676951088,
      "snr_vlc_true": -15.0,
      "success": false
    },
    {
      "t": 197,
      "action": "DUP",
      "K_rf": 1,
      "K_vlc": 1,
      "p_est": 0.8010689231858469,
      "snr_rf_true": 6.364892675722983,
      "snr_vlc_true": -15.0,
      "success": false
    },
    {
      "t": 198,
      "action": "DUP",
      "K_rf": 1,
      "K_vlc": 1,
      "p_est": 0.8090918542370173,
      "snr_rf_true": 6.683550411048683,
      "snr_vlc_true": -15.0,
      "success": false
    },
    {
      "t": 199,
      "action": "DUP",
      "K_rf": 1,
      "K_vlc": 1,
      "p_est": 0.8036318776749626,
      "snr_rf_true": 6.681148001685566,
      "snr_vlc_true": 12.16051359688462,
      "success": true
    }
  ]
}