{
  "records": [
    {
      "t": 0,
      "action": "DUP",
      "K_rf": 1,
      "K_vlc": 1,
      "p_est": 0.8294859902002759,
      "snr_rf_true": 6.0688652782529635,
      "snr_vlc_true": -15.0,
      "success": false
    },
    {
      "t": 1,
      "action": "DUP",
      "K_rf": 1,
      "K_vlc": 1,
      "p_est": 0.8098532936685969,
      "snr_rf_true": 6.26278712981403,
      "snr_vlc_true": -15.0,
      "success": false
    },
    {
      "t": 2,
      "action": "DUP",
      "K_rf": 1,
      "K_vlc": 1,
      "p_est": 0.8060101125111072,
      "snr_rf_true": 5.905638419376572,
      "snr_vlc_true": 13.276974960878388,
      "success": true
    },
    {
      "t": 3,
      "action": "DUP",
      "K_rf": 1,
      "K_vlc": 1,
      "p_est": 0.7944536913275477,
      "snr_rf_true": 5.510220765918261,
      "snr_vlc_true": 12.971952574010706,
      "success": true
    },
    {
      "t": 4,
      "action": "DUP",
      "K_rf": 1,
      "K_vlc": 1,
      "p_est": 0.8954442587139484,
      "snr_rf_true": 5.469206185647394,
      "snr_vlc_true": 13.864314588211451,
      "success": true
    },
    {
      "t": 5,
      "action": "DUP",
      "K_rf": 1,
      "K_vlc": 1,
      "p_est": 0.9651587804180409,
      "snr_rf_true": 5.552546470675074,
      "snr_vlc_true": 13.179136155072973,
      "success": true
    },
    {
      "t": 6,
      "action": "DUP",
      "K_rf": 1,
      "K_vlc": 1,
      "p_est": 0.9089103287171552,
      "snr_rf_true": 5.026403028843013,
      "snr_vlc_true": 13.170715536399438,
      "success": true
    },
    {
      "t": 7,
      "action": "DUP",
      "K_rf": 1,
      "K_vlc": 1,
      "p_est": 0.8908088162311111,
      "snr_rf_true": 5.279464496175317,
      "snr_vlc_true": 12.573812227258488,
      "success": true
    },
    {
      "t": 8,
      "action": "DUP",
      "K_rf": 1,
      "K_vlc": 1,
      "p_est": 0.9115168856990494,
      "snr_rf_true": 4.633078033094126,
      "snr_vlc_true": 13.853240309487306,
      "success": true
    },
    {
      "t": 9,
      "action": "DUP",
      "K_rf": 1,
      "K_vlc": 1,
      "p_est": 0.9464485234907122,
      "snr_rf_true": 4.543150744271367,
      "snr_vlc_true": 14.740933277795257,
      "success": true
    },
    {
      "t": 10,
      "action": "DUP",
      "K_rf": 1,
      "K_vlc": 1,
      "p_est": 0.9820523500306468,
      "snr_rf_true": 4.826307012143455,
      "snr_vlc_true": 13.581153972863659,
      "success": true
    },
    {
      "t": 11,
      "action": "DUP",
      "K_rf": 1,
      "K_vlc": 1,
      "p_est": 0.8831761159573751,
      "snr_rf_true": 5.113145856744447,
      "snr_vlc_true": 13.657556364415088,
      "success": true
    },
    {
      "t": 12,
      "action": "DUP",
      "K_rf": 1,
      "K_vlc": 1,
      "p_est": 0.8688802250929443,
      "snr_rf_true": 4.927311675589095,
      "snr_vlc_true": -15.0,
      "success": false
    },
    {
      "t": 13,
      "action": "DUP",
      "K_rf": 1,
      "K_vlc": 1,
      "p_est": 0.8116946634126396,
      "snr_rf_true": 4.850046959146151,
      "snr_vlc_true": 13.906460506539776,
      "success": true
    },
    {
      "t": 14,
      "action": "DUP",
      "K_rf": 1,
      "K_vlc": 1,
      "p_est": 0.7855427647888437,
      "snr_rf_true": 4.947541584443377,
      "snr_vlc_true": 14.1878197823684,
      "success": true
    },
    {
      "t": 15,
      "action": "DUP",
      "K_rf": 1,
      "K_vlc": 1,
      "p_est": 0.9720749671572637,
      "snr_rf_true": 4.287459261472066,
      "snr_vlc_true": 13.819162069728074,
      "success": true
    },
    {
      "t": 16,
      "action": "DUP",
      "K_rf": 1,
      "K_vlc": 1,
      "p_est": 0.9785167803379382,
      "snr_rf_true": 4.493467920045479,
      "snr_vlc_true": 13.193758896669252,
      "success": true
    },
    {
      "t": 17,
      "action": "DUP",
      "K_rf": 1,
      "K_vlc": 1,
      "p_est": 0.8384153105952602,
      "snr_rf_true": 4.92915043884697,
      "snr_vlc_true": 13.368795129850085,
      "success": false
    },
    {
      "t": 18,
      "action": "DUP",
      "K_rf": 1,
      "K_vlc": 1,
      "p_est": 0.961098194437739,
      "snr_rf_true": 4.835992682199643,
      "snr_vlc_true": 14.387500298738033,
      "success": true
    },
    {
      "t": 19,
      "action": "DUP",
      "K_rf": 1,
      "K_vlc": 1,
      "p_est": 0.9665592365055335,
      "snr_rf_true": 5.470783242858964,
      "snr_vlc_true": 14.050802918885063,
      "success": true
    },
    {
      "t": 20,
      "action": "DUP",
      "K_rf": 1,
      "K_vlc": 1,
      "p_est": 0.8878797714718962,
      "snr_rf_true": 5.777866984434873,
      "snr_vlc_true": 14.425669372787503,
      "success": true
    },
    {
      "t": 21,
      "action": "DUP",
      "K_rf": 1,
      "K_vlc": 1,
      "p_est": 0.9705349915227083,
      "snr_rf_true": 5.089894319355587,
      "snr_vlc_true": 13.98521089356444,
      "success": true
    },
    {
      "t": 22,
      "action": "DUP",
      "K_rf": 1,
      "K_vlc": 1,
      "p_est": 0.9638079265090744,
      "snr_rf_true": 4.825922853726594,
      "snr_vlc_true": 14.00408342621189,
      "success": true
    },
    {
      "t": 23,
      "action": "DUP",
      "K_rf": 1,
      "K_vlc": 1,
      "p_est": 0.967000929509847,
      "snr_rf_true": 4.4809912630063655,
      "snr_vlc_true": -15.0,
      "success": false
    },
    {
      "t": 24,
      "action": "DUP",
      "K_rf": 1,
      "K_vlc": 1,
      "p_est": 0.8494982816674509,
      "snr_rf_true": 5.003511622279668,
      "snr_vlc_true": -15.0,
      "success": false
    },
    {
      "t": 25,
      "action": "DUP",
      "K_rf": 1,
      "K_vlc": 1,
      "p_est": 0.8029019701190575,
      "snr_rf_true": 4.641820398187636,
      "snr_vlc_true": -15.0,
      "success": true
    },
    {
      "t": 26,
      "action": "DUP",
      "K_rf": 1,
      "K_vlc": 1,
      "p_est": 0.7914212814856306,
      "snr_rf_true": 4.152035955238929,
      "snr_vlc_true": -15.0,
      "success": false
    },
    {
      "t": 27,
      "action": "DUP",
      "K_rf": 1,
      "K_vlc": 1,
      "p_est": 0.7945980403284165,
      "snr_rf_true": 4.833552935351206,
      "snr_vlc_true": -15.0,
      "success": true
    },
    {
      "t": 28,
      "action": "DUP",
      "K_rf": 1,
      "K_vlc": 1,
      "p_est": 0.7825947558539297,
      "snr_rf_true": 5.089557298728006,
      "snr_vlc_true": 14.65096737015237,
      "success": true
    },
    {
      "t": 29,
      "action": "DUP",
      "K_rf": 1,
      "K_vlc": 1,
      "p_est": 0.9745364924538739,
      "snr_rf_true": 4.947598945528911,
      "snr_vlc_true": -15.0,
      "success": true
    },
    {
      "t": 30,
      "action": "DUP",
      "K_rf": 1,
      "K_vlc": 1,
      "p_est": 0.8577554966709198,
      "snr_rf_true": 4.852579079611558,
      "snr_vlc_true": -15.0,
      "success": false
    },
    {
      "t": 31,
      "action": "DUP",
      "K_rf": 1,
      "K_vlc": 1,
      "p_est": 0.8079628168784933,
      "snr_rf_true": 4.1078508400553275,
      "snr_vlc_true": -15.0,
      "success": false
    },
    {
      "t": 32,
      "action": "DUP",
      "K_rf": 1,
      "K_vlc": 1,
      "p_est": 0.787042079238752,
      "snr_rf_true": 4.502390016554412,
      "snr_vlc_true": -15.0,
      "success": false
    },
    {
      "t": 33,
      "action": "DUP",
      "K_rf": 1,
      "K_vlc": 1,
      "p_est": 0.7870767800028302,
      "snr_rf_true": 4.564969501421563,
      "snr_vlc_true": -15.0,
      "success": false
    },
    {
      "t": 34,
      "action": "DUP",
      "K_rf": 1,
      "K_vlc": 1,
      "p_est": 0.7981037272451285,
      "snr_rf_true": 5.23545562538378,
      "snr_vlc_true": 12.912424793222648,
      "success": true
    },
    {
      "t": 35,
      "action": "DUP",
      "K_rf": 1,
      "K_vlc": 1,
      "p_est": 0.8868296923337099,
      "snr_rf_true": 5.197968771447087,
      "snr_vlc_true": 11.9010270446855,
      "success": false
    },
    {
      "t": 36,
      "action": "DUP",
      "K_rf": 1,
      "K_vlc": 1,
      "p_est": 0.7460306989195407,
      "snr_rf_true": 5.134069064746679,
      "snr_vlc_true": 11.312841947000148,
      "success": true
    },
    {
      "t": 37,
      "action": "DUP",
      "K_rf": 1,
      "K_vlc": 1,
      "p_est": 0.615458106882216,
      "snr_rf_true": 5.470753963250865,
      "snr_vlc_true": 11.023555691209193,
      "success": true
    },
    {
      "t": 38,
      "action": "DUP",
      "K_rf": 1,
      "K_vlc": 1,
      "p_est": 0.5538612199040804,
      "snr_rf_true": 4.437590940341291,
      "snr_vlc_true": 10.731042134103399,
      "success": false
    },
    {
      "t": 39,
      "action": "VLC",
      "K_rf": 0,
      "K_vlc": 2,
      "p_est": 0.6245273435042191,
      "snr_rf_true": 5.431381460698317,
      "snr_vlc_true": 9.72953655324902,
      "success": false
    },
    {
      "t": 40,
      "action": "VLC",
      "K_rf": 0,
      "K_vlc": 2,
      "p_est": 0.552640621538843,
      "snr_rf_true": 5.102065377246627,
      "snr_vlc_true": 9.78897627772945,
      "success": false
    },
    {
      "t": 41,
      "action": "VLC",
      "K_rf": 0,
      "K_vlc": 2,
      "p_est": 0.5683141216136048,
      "snr_rf_true": 4.895019164189272,
      "snr_vlc_true": -15.0,
      "success": false
    },
    {
      "t": 42,
      "action": "DUP",
      "K_rf": 1,
      "K_vlc": 1,
      "p_est": 0.7405903097583514,
      "snr_rf_true": 5.716052834279775,
      "snr_vlc_true": 10.385716631489874,
      "success": true
    },
    {
      "t": 43,
      "action": "DUP",
      "K_rf": 1,
      "K_vlc": 1,
      "p_est": 0.5661801468854093,
      "snr_rf_true": 5.626006712195077,
      "snr_vlc_true": 11.062568688705314,
      "success": true
    },
    {
      "t": 44,
      "action": "VLC",
      "K_rf": 0,
      "K_vlc": 2,
      "p_est": 0.615681157235387,
      "snr_rf_true": 7.327783793580034,
      "snr_vlc_true": 10.53248374006851,
      "success": true
    },
    {
      "t": 45,
      "action": "DUP",
      "K_rf": 1,
      "K_vlc": 1,
      "p_est": 0.5875564473684182,
      "snr_rf_true": 6.974250868167131,
      "snr_vlc_true": 11.79232463171812,
      "success": true
    },
    {
      "t": 46,
      "action": "DUP",
      "K_rf": 1,
      "K_vlc": 1,
      "p_est": 0.66210637010216,
      "snr_rf_true": 6.365443638724127,
      "snr_vlc_true": 11.618242911386051,
      "success": true
    },
    {
      "t": 47,
      "action": "DUP",
      "K_rf": 1,
      "K_vlc": 1,
      "p_est": 0.8084546773801633,
      "snr_rf_true": 5.655501864269803,
      "snr_vlc_true": 11.193432140786785,
      "success": false
    },
    {
      "t": 48,
      "action": "VLC",
      "K_rf": 0,
      "K_vlc": 2,
      "p_est": 0.4644783805439781,
      "snr_rf_true": 5.050519800902848,
      "snr_vlc_true": 12.467351507785859,
      "success": true
    },
    {
      "t": 49,
      "action": "DUP",
      "K_rf": 1,
      "K_vlc": 1,
      "p_est": 0.6804089671360534,
      "snr_rf_true": 6.071845807673458,
      "snr_vlc_true": 12.232155267652205,
      "success": true
    },
    {
      "t": 50,
      "action": "DUP",
      "K_rf": 1,
      "K_vlc": 1,
      "p_est": 0.7582156311635133,
      "snr_rf_true": 5.398643482816024,
      "snr_vlc_true": 12.659552971506127,
      "success": true
    },
    {
      "t": 51,
      "action": "DUP",
      "K_rf": 1,
      "K_vlc": 1,
      "p_est": 0.7621581082856771,
      "snr_rf_true": 5.875486489624723,
      "snr_vlc_true": 13.044910666368219,
      "success": true
    },
    {
      "t": 52,
      "action": "DUP",
      "K_rf": 1,
      "K_vlc": 1,
      "p_est": 0.7929489240317873,
      "snr_rf_true": 7.167809297867517,
      "snr_vlc_true": 12.006932245361025,
      "success": true
    },
    {
      "t": 53,
      "action": "DUP",
      "K_rf": 1,
      "K_vlc": 1,
      "p_est": 0.7482413520915929,
      "snr_rf_true": 7.09452230762507,
      "snr_vlc_true": 12.585248955856645,
      "success": true
    },
    {
      "t": 54,
      "action": "DUP",
      "K_rf": 1,
      "K_vlc": 1,
      "p_est": 0.7168659849617366,
      "snr_rf_true": 6.575664105437738,
      "snr_vlc_true": 14.609431425922015,
      "success": true
    },
    {
      "t": 55,
      "action": "DUP",
      "K_rf": 1,
      "K_vlc": 1,
      "p_est": 0.8754091283392933,
      "snr_rf_true": 6.006775536077299,
      "snr_vlc_true": 14.548620740688191,
      "success": true
    },
    {
      "t": 56,
      "action": "DUP",
      "K_rf": 1,
      "K_vlc": 1,
      "p_est": 0.9072272284347566,
      "snr_rf_true": 6.785437796547716,
      "snr_vlc_true": 14.305732700090669,
      "success": true
    },
    {
      "t": 57,
      "action": "DUP",
      "K_rf": 1,
      "K_vlc": 1,
      "p_est": 0.9402895170908298,
      "snr_rf_true": 5.130173208110964,
      "snr_vlc_true": -15.0,
      "success": false
    },
    {
      "t": 58,
      "action": "DUP",
      "K_rf": 1,
      "K_vlc": 1,
      "p_est": 0.8333150148164473,
      "snr_rf_true": 5.583460983671396,
      "snr_vlc_true": -15.0,
      "success": false
    },
    {
      "t": 59,
      "action": "DUP",
      "K_rf": 1,
      "K_vlc": 1,
      "p_est": 0.8130755557145877,
      "snr_rf_true": 5.08322370174015,
      "snr_vlc_true": -15.0,
      "success": false
    },
    {
      "t": 60,
      "action": "DUP",
      "K_rf": 1,
      "K_vlc": 1,
      "p_est": 0.803169969739794,
      "snr_rf_true": 5.594425357571514,
      "snr_vlc_true": -15.0,
      "success": false
    },
    {
      "t": 61,
      "action": "DUP",
      "K_rf": 1,
      "K_vlc": 1,
      "p_est": 0.8054121273722119,
      "snr_rf_true": 5.761512628838097,
      "snr_vlc_true": -15.0,
      "success": false
    },
    {
      "t": 62,
      "action": "DUP",
      "K_rf": 1,
      "K_vlc": 1,
      "p_est": 0.8013352730505041,
      "snr_rf_true": 6.001547870237095,
      "snr_vlc_true": -15.0,
      "success": true
    },
    {
      "t": 63,
      "action": "DUP",
      "K_rf": 1,
      "K_vlc": 1,
      "p_est": 0.811520424857678,
      "snr_rf_true": 6.565694237602203,
      "snr_vlc_true": -15.0,
      "success": true
    },
    {
      "t": 64,
      "action": "DUP",
      "K_rf": 1,
      "K_vlc": 1,
      "p_est": 0.8112092625360318,
      "snr_rf_true": 6.901500647850282,
      "snr_vlc_true": -15.0,
      "success": true
    },
    {
      "t": 65,
      "action": "DUP",
      "K_rf": 1,
      "K_vlc": 1,
      "p_est": 0.8093360857040024,
      "snr_rf_true": 7.371792302077363,
      "snr_vlc_true": -15.0,
      "success": false
    },
    {
      "t": 66,
      "action": "DUP",
      "K_rf": 1,
      "K_vlc": 1,
      "p_est": 0.8159989169029683,
      "snr_rf_true": 7.12994254276662,
      "snr_vlc_true": -15.0,
      "success": false
    },
    {
      "t": 67,
      "action": "DUP",
      "K_rf": 1,
      "K_vlc": 1,
      "p_est": 0.8218232261198142,
      "snr_rf_true": 7.25856371815553,
      "snr_vlc_true": -15.0,
      "success": false
    },
    {
      "t": 68,
      "action": "DUP",
      "K_rf": 1,
      "K_vlc": 1,
      "p_est": 0.8157515652334657,
      "snr_rf_true": 6.249980096701414,
      "snr_vlc_true": -15.0,
      "success": false
    },
    {
      "t": 69,
      "action": "DUP",
      "K_rf": 1,
      "K_vlc": 1,
      "p_est": 0.8195052073751641,
      "snr_rf_true": 6.099196237746713,
      "snr_vlc_true": -15.0,
      "success": false
    },
    {
      "t": 70,
      "action": "DUP",
      "K_rf": 1,
      "K_vlc": 1,
      "p_est": 0.811884040309264,
      "snr_rf_true": 6.433996480948297,
      "snr_vlc_true": -15.0,
      "success": false
    },
    {
      "t": 71,
      "action": "DUP",
      "K_rf": 1,
      "K_vlc": 1,
      "p_est": 0.8098080646675436,
      "snr_rf_true": 7.215750326958993,
      "snr_vlc_true": -15.0,
      "success": true
    },
    {
      "t": 72,
      "action": "DUP",
      "K_rf": 1,
      "K_vlc": 1,
      "p_est": 0.8181225889732617,
      "snr_rf_true": 7.686877953705091,
      "snr_vlc_true": -15.0,
      "success": false
    },
    {
      "t": 73,
      "action": "DUP",
      "K_rf": 1,
      "K_vlc": 1,
      "p_est": 0.8282657420469741,
      "snr_rf_true": 7.1372668088806765,
      "snr_vlc_true": -15.0,
      "success": true
    },
    {
      "t": 74,
      "action": "DUP",
      "K_rf": 1,
      "K_vlc": 1,
      "p_est": 0.8192700553910612,
      "snr_rf_true": 7.5133731378098,
      "snr_vlc_true": -15.0,
      "success": false
    },
    {
      "t": 75,
      "action": "DUP",
      "K_rf": 1,
      "K_vlc": 1,
      "p_est": 0.826253185799795,
      "snr_rf_true": 6.823090430007728,
      "snr_vlc_true": 9.983769548194427,
      "success": false
    },
    {
      "t": 76,
      "action": "VLC",
      "K_rf": 0,
      "K_vlc": 2,
      "p_est": 0.5211327485679095,
      "snr_rf_true": 7.410389309954975,
      "snr_vlc_true": 9.305091488577009,
      "success": true
    },
    {
      "t": 77,
      "action": "VLC",
      "K_rf": 0,
      "K_vlc": 2,
      "p_est": 0.39984230431150797,
      "snr_rf_true": 6.889731266906546,
      "snr_vlc_true": 9.528709402854208,
      "success": false
    },
    {
      "t": 78,
      "action": "RF",
      "K_rf": 2,
      "K_vlc": 0,
      "p_est": 0.41959732014137724,
      "snr_rf_true": 6.286002765556807,
      "snr_vlc_true": 10.346281338625094,
      "success": true
    },
    {
      "t": 79,
      "action": "VLC",
      "K_rf": 0,
      "K_vlc": 2,
      "p_est": 0.489502767574557,
      "snr_rf_true": 5.950597953013366,
      "snr_vlc_true": -15.0,
      "success": false
    },
    {
      "t": 80,
      "action": "DUP",
      "K_rf": 1,
      "K_vlc": 1,
      "p_est": 0.7431767971706663,
      "snr_rf_true": 6.152112871791499,
      "snr_vlc_true": -15.0,
      "success": false
    },
    {
      "t": 81,
      "action": "DUP",
      "K_rf": 1,
      "K_vlc": 1,
      "p_est": 0.7972376474239937,
      "snr_rf_true": 7.30350231432477,
      "snr_vlc_true": -15.0,
      "success": true
    },
    {
      "t": 82,
      "action": "DUP",
      "K_rf": 1,
      "K_vlc": 1,
      "p_est": 0.8087364539634602,
      "snr_rf_true": 7.01454276154944,
      "snr_vlc_true": -15.0,
      "success": false
    },
    {
      "t": 83,
      "action": "DUP",
      "K_rf": 1,
      "K_vlc": 1,
      "p_est": 0.8212937795741702,
      "snr_rf_true": 5.328476745636401,
      "snr_vlc_true": -15.0,
      "success": false
    },
    {
      "t": 84,
      "action": "DUP",
      "K_rf": 1,
      "K_vlc": 1,
      "p_est": 0.8046238939946309,
      "snr_rf_true": 5.92488563983739,
      "snr_vlc_true": -15.0,
      "success": false
    },
    {
      "t": 85,
      "action": "DUP",
      "K_rf": 1,
      "K_vlc": 1,
      "p_est": 0.8129243858037258,
      "snr_rf_true": 5.765518768203541,
      "snr_vlc_true": -15.0,
      "success": false
    },
    {
      "t": 86,
      "action": "DUP",
      "K_rf": 1,
      "K_vlc": 1,
      "p_est": 0.8013135424032204,
      "snr_rf_true": 6.369941481333445,
      "snr_vlc_true": -15.0,
      "success": true
    },
    {
      "t": 87,
      "action": "DUP",
      "K_rf": 1,
      "K_vlc": 1,
      "p_est": 0.8031084377387322,
      "snr_rf_true": 6.645959316517337,
      "snr_vlc_true": 11.581552462070265,
      "success": true
    },
    {
      "t": 88,
      "action": "DUP",
      "K_rf": 1,
      "K_vlc": 1,
      "p_est": 0.8068858590041053,
      "snr_rf_true": 6.572320578306483,
      "snr_vlc_true": 11.339383009195533,
      "success": false
    },
    {
      "t": 89,
      "action": "DUP",
      "K_rf": 1,
      "K_vlc": 1,
      "p_est": 0.7712707230178131,
      "snr_rf_true": 7.633154690212207,
      "snr_vlc_true": 11.783487828317943,
      "success": true
    },
    {
      "t": 90,
      "action": "DUP",
      "K_rf": 1,
      "K_vlc": 1,
      "p_est": 0.7590963242164422,
      "snr_rf_true": 7.843523668621672,
      "snr_vlc_true": 11.738074855466659,
      "success": true
    },
    {
      "t": 91,
      "action": "DUP",
      "K_rf": 1,
      "K_vlc": 1,
      "p_est": 0.8028250533043281,
      "snr_rf_true": 7.677258766986551,
      "snr_vlc_true": 11.61510790278454,
      "success": true
    },
    {
      "t": 92,
      "action": "DUP",
      "K_rf": 1,
      "K_vlc": 1,
      "p_est": 0.8115411691443726,
      "snr_rf_true": 7.530328915394512,
      "snr_vlc_true": 12.270047675754778,
      "success": false
    },
    {
      "t": 93,
      "action": "DUP",
      "K_rf": 1,
      "K_vlc": 1,
      "p_est": 0.7257804898366687,
      "snr_rf_true": 8.066542635619541,
      "snr_vlc_true": 12.774863265298427,
      "success": true
    },
    {
      "t": 94,
      "action": "DUP",
      "K_rf": 1,
      "K_vlc": 1,
      "p_est": 0.8155505551538478,
      "snr_rf_true": 7.779459945962932,
      "snr_vlc_true": 12.572346965869075,
      "success": true
    },
    {
      "t": 95,
      "action": "DUP",
      "K_rf": 1,
      "K_vlc": 1,
      "p_est": 0.8147178975056163,
      "snr_rf_true": 8.503274056512943,
      "snr_vlc_true": 12.3504095392509,
      "success": true
    },
    {
      "t": 96,
      "action": "DUP",
      "K_rf": 1,
      "K_vlc": 1,
      "p_est": 0.804829384735809,
      "snr_rf_true": 6.217276370345585,
      "snr_vlc_true": 13.508086059515332,
      "success": true
    },
    {
      "t": 97,
      "action": "DUP",
      "K_rf": 1,
      "K_vlc": 1,
      "p_est": 0.8641705652530991,
      "snr_rf_true": 6.255810143356837,
      "snr_vlc_true": 12.891237995643042,
      "success": true
    },
    {
      "t": 98,
      "action": "DUP",
      "K_rf": 1,
      "K_vlc": 1,
      "p_est": 0.8324956816765006,
      "snr_rf_true": 6.982865518358217,
      "snr_vlc_true": 12.558249417196292,
      "success": true
    },
    {
      "t": 99,
      "action": "DUP",
      "K_rf": 1,
      "K_vlc": 1,
      "p_est": 0.8366705287507922,
      "snr_rf_true": 6.553506036091141,
      "snr_vlc_true": 13.465863210379514,
      "success": true
    },
    {
      "t": 100,
      "action": "DUP",
      "K_rf": 1,
      "K_vlc": 1,
      "p_est": 0.922191141214855,
      "snr_rf_true": 5.787205991309727,
      "snr_vlc_true": 13.877563014172855,
      "success": true
    },
    {
      "t": 101,
      "action": "DUP",
      "K_rf": 1,
      "K_vlc": 1,
      "p_est": 0.8507852809970116,
      "snr_rf_true": 5.401124789041765,
      "snr_vlc_true": 14.697963035122994,
      "success": true
    },
    {
      "t": 102,
      "action": "DUP",
      "K_rf": 1,
      "K_vlc": 1,
      "p_est": 0.9694504828457875,
      "snr_rf_true": 5.831992076682892,
      "snr_vlc_true": 13.803363961292424,
      "success": true
    },
    {
      "t": 103,
      "action": "DUP",
      "K_rf": 1,
      "K_vlc": 1,
      "p_est": 0.9239771237287995,
      "snr_rf_true": 5.768978123136843,
      "snr_vlc_true": 14.550732002579618,
      "success": true
    },
    {
      "t": 104,
      "action": "DUP",
      "K_rf": 1,
      "K_vlc": 1,
      "p_est": 0.984676171971317,
      "snr_rf_true": 4.844350004656605,
      "snr_vlc_true": 14.572994567715806,
      "success": true
    },
    {
      "t": 105,
      "action": "DUP",
      "K_rf": 1,
      "K_vlc": 1,
      "p_est": 0.9662743658116053,
      "snr_rf_true": 4.783651071769893,
      "snr_vlc_true": 14.873201573611937,
      "success": true
    },
    {
      "t": 106,
      "action": "DUP",
      "K_rf": 1,
      "K_vlc": 1,
      "p_est": 0.9764752426544295,
      "snr_rf_true": 4.800449210528762,
      "snr_vlc_true": 15.587755992119781,
      "success": true
    },
    {
      "t": 107,
      "action": "DUP",
      "K_rf": 1,
      "K_vlc": 1,
      "p_est": 0.9817382984277817,
      "snr_rf_true": 5.865983097615952,
      "snr_vlc_true": 15.380024415265286,
      "success": true
    },
    {
      "t": 108,
      "action": "DUP",
      "K_rf": 1,
      "K_vlc": 1,
      "p_est": 0.9867090076042985,
      "snr_rf_true": 5.247571863391917,
      "snr_vlc_true": 14.119576572552344,
      "success": true
    },
    {
      "t": 109,
      "action": "DUP",
      "K_rf": 1,
      "K_vlc": 1,
      "p_est": 0.9802006066586614,
      "snr_rf_true": 5.447422787705641,
      "snr_vlc_true": 14.409000199135797,
      "success": true
    },
    {
      "t": 110,
      "action": "DUP",
      "K_rf": 1,
      "K_vlc": 1,
      "p_est": 0.971788903317735,
      "snr_rf_true": 5.952849105882391,
      "snr_vlc_true": 14.075297342313903,
      "success": true
    },
    {
      "t": 111,
      "action": "DUP",
      "K_rf": 1,
      "K_vlc": 1,
      "p_est": 0.9677592466915063,
      "snr_rf_true": 6.182909845847485,
      "snr_vlc_true": -15.0,
      "success": false
    },
    {
      "t": 112,
      "action": "DUP",
      "K_rf": 1,
      "K_vlc": 1,
      "p_est": 0.8554991315308657,
      "snr_rf_true": 6.696876213073718,
      "snr_vlc_true": 12.453211361513997,
      "success": true
    },
    {
      "t": 113,
      "action": "DUP",
      "K_rf": 1,
      "K_vlc": 1,
      "p_est": 0.8211013540351115,
      "snr_rf_true": 7.480979679542207,
      "snr_vlc_true": 12.027022026853945,
      "success": true
    },
    {
      "t": 114,
      "action": "DUP",
      "K_rf": 1,
      "K_vlc": 1,
      "p_est": 0.8220875668191856,
      "snr_rf_true": 7.9773975919294475,
      "snr_vlc_true": 11.535679222408353,
      "success": true
    },
    {
      "t": 115,
      "action": "DUP",
      "K_rf": 1,
      "K_vlc": 1,
      "p_est": 0.8132245746008151,
      "snr_rf_true": 7.309081521033355,
      "snr_vlc_true": 11.338444396104412,
      "success": true
    },
    {
      "t": 116,
      "action": "DUP",
      "K_rf": 1,
      "K_vlc": 1,
      "p_est": 0.6879399747913416,
      "snr_rf_true": 7.27302479368973,
      "snr_vlc_true": 10.996284011062041,
      "success": false
    },
    {
      "t": 117,
      "action": "DUP",
      "K_rf": 1,
      "K_vlc": 1,
      "p_est": 0.615579666296042,
      "snr_rf_true": 7.386677173186786,
      "snr_vlc_true": 11.032676729576798,
      "success": true
    },
    {
      "t": 118,
      "action": "DUP",
      "K_rf": 1,
      "K_vlc": 1,
      "p_est": 0.6535169567374784,
      "snr_rf_true": 6.739059155171199,
      "snr_vlc_true": 11.863267973533224,
      "success": false
    },
    {
      "t": 119,
      "action": "DUP",
      "K_rf": 1,
      "K_vlc": 1,
      "p_est": 0.7232755717459521,
      "snr_rf_true": 6.008883741012378,
      "snr_vlc_true": 12.645102728205595,
      "success": true
    },
    {
      "t": 120,
      "action": "DUP",
      "K_rf": 1,
      "K_vlc": 1,
      "p_est": 0.6899488022853645,
      "snr_rf_true": 5.150842102060507,
      "snr_vlc_true": 12.99422633716476,
      "success": true
    },
    {
      "t": 121,
      "action": "DUP",
      "K_rf": 1,
      "K_vlc": 1,
      "p_est": 0.7954346828947375,
      "snr_rf_true": 6.449229988128738,
      "snr_vlc_true": 12.638999565951398,
      "success": true
    },
    {
      "t": 122,
      "action": "DUP",
      "K_rf": 1,
      "K_vlc": 1,
      "p_est": 0.8590964680038633,
      "snr_rf_true": 5.686636238252187,
      "snr_vlc_true": 12.61683554539586,
      "success": true
    },
    {
      "t": 123,
      "action": "DUP",
      "K_rf": 1,
      "K_vlc": 1,
      "p_est": 0.8161258592171321,
      "snr_rf_true": 5.340722714578741,
      "snr_vlc_true": 12.5697799959054,
      "success": true
    },
    {
      "t": 124,
      "action": "DUP",
      "K_rf": 1,
      "K_vlc": 1,
      "p_est": 0.7260401238420751,
      "snr_rf_true": 5.640805195869173,
      "snr_vlc_true": 13.510811674098912,
      "success": true
    },
    {
      "t": 125,
      "action": "DUP",
      "K_rf": 1,
      "K_vlc": 1,
      "p_est": 0.9124886574605013,
      "snr_rf_true": 6.159676867529697,
      "snr_vlc_true": 12.72994872309263,
      "success": true
    },
    {
      "t": 126,
      "action": "DUP",
      "K_rf": 1,
      "K_vlc": 1,
      "p_est": 0.7561401824898899,
      "snr_rf_true": 5.97486358964866,
      "snr_vlc_true": 13.180419597247967,
      "success": true
    },
    {
      "t": 127,
      "action": "DUP",
      "K_rf": 1,
      "K_vlc": 1,
      "p_est": 0.9110473645346533,
      "snr_rf_true": 6.174380311110522,
      "snr_vlc_true": 13.374406118438833,
      "success": true
    },
    {
      "t": 128,
      "action": "DUP",
      "K_rf": 1,
      "K_vlc": 1,
      "p_est": 0.9111306815570206,
      "snr_rf_true": 6.837342848722847,
      "snr_vlc_true": 12.965376362385632,
      "success": true
    },
    {
      "t": 129,
      "action": "DUP",
      "K_rf": 1,
      "K_vlc": 1,
      "p_est": 0.8440332774960688,
      "snr_rf_true": 6.473186477958883,
      "snr_vlc_true": 12.621166797798278,
      "success": true
    },
    {
      "t": 130,
      "action": "DUP",
      "K_rf": 1,
      "K_vlc": 1,
      "p_est": 0.7660209057350287,
      "snr_rf_true": 6.386041572167591,
      "snr_vlc_true": 13.607439413473443,
      "success": true
    },
    {
      "t": 131,
      "action": "DUP",
      "K_rf": 1,
      "K_vlc": 1,
      "p_est": 0.9499703685396816,
      "snr_rf_true": 6.662103068877459,
      "snr_vlc_true": -15.0,
      "success": false
    },
    {
      "t": 132,
      "action": "DUP",
      "K_rf": 1,
      "K_vlc": 1,
      "p_est": 0.8524161346643419,
      "snr_rf_true": 6.252115490709279,
      "snr_vlc_true": -15.0,
      "success": true
    },
    {
      "t": 133,
      "action": "DUP",
      "K_rf": 1,
      "K_vlc": 1,
      "p_est": 0.8256551372487869,
      "snr_rf_true": 5.3134447813861305,
      "snr_vlc_true": -15.0,
      "success": false
    },
    {
      "t": 134,
      "action": "DUP",
      "K_rf": 1,
      "K_vlc": 1,
      "p_est": 0.806932192595436,
      "snr_rf_true": 4.801403107578009,
      "snr_vlc_true": 14.26257695365516,
      "success": true
    },
    {
      "t": 135,
      "action": "DUP",
      "K_rf": 1,
      "K_vlc": 1,
      "p_est": 0.9673000188065141,
      "snr_rf_true": 4.205093915996834,
      "snr_vlc_true": 13.585324804763356,
      "success": true
    },
    {
      "t": 136,
      "action": "DUP",
      "K_rf": 1,
      "K_vlc": 1,
      "p_est": 0.9357576791651211,
      "snr_rf_true": 4.288647561245798,
      "snr_vlc_true": 13.704936552772603,
      "success": true
    },
    {
      "t": 137,
      "action": "DUP",
      "K_rf": 1,
      "K_vlc": 1,
      "p_est": 0.965334359511034,
      "snr_rf_true": 4.47418555896834,
      "snr_vlc_true": 14.101813142694477,
      "success": true
    },
    {
      "t": 138,
      "action": "DUP",
      "K_rf": 1,
      "K_vlc": 1,
      "p_est": 0.9659436791530617,
      "snr_rf_true": 4.829323616338566,
      "snr_vlc_true": 14.177646085326803,
      "success": true
    },
    {
      "t": 139,
      "action": "DUP",
      "K_rf": 1,
      "K_vlc": 1,
      "p_est": 0.9123307471507707,
      "snr_rf_true": 5.792638348876541,
      "snr_vlc_true": 14.507801729101137,
      "success": true
    },
    {
      "t": 140,
      "action": "DUP",
      "K_rf": 1,
      "K_vlc": 1,
      "p_est": 0.9745602626287105,
      "snr_rf_true": 5.712838161730235,
      "snr_vlc_true": 13.426191953803183,
      "success": true
    },
    {
      "t": 141,
      "action": "DUP",
      "K_rf": 1,
      "K_vlc": 1,
      "p_est": 0.7975291033406817,
      "snr_rf_true": 5.5585265864402835,
      "snr_vlc_true": 13.478397423981274,
      "success": false
    },
    {
      "t": 142,
      "action": "DUP",
      "K_rf": 1,
      "K_vlc": 1,
      "p_est": 0.842140570774087,
      "snr_rf_true": 5.521611151603409,
      "snr_vlc_true": 13.584399620755427,
      "success": true
    },
    {
      "t": 143,
      "action": "DUP",
      "K_rf": 1,
      "K_vlc": 1,
      "p_est": 0.9618074442222996,
      "snr_rf_true": 5.031836100177484,
      "snr_vlc_true": 13.419351481443934,
      "success": true
    },
    {
      "t": 144,
      "action": "DUP",
      "K_rf": 1,
      "K_vlc": 1,
      "p_est": 0.95682511623287,
      "snr_rf_true": 5.390344544874544,
      "snr_vlc_true": 13.81168161092138,
      "success": true
    },
    {
      "t": 145,
      "action": "DUP",
      "K_rf": 1,
      "K_vlc": 1,
      "p_est": 0.96280597180289,
      "snr_rf_true": 5.2805130141899275,
      "snr_vlc_true": -15.0,
      "success": false
    },
    {
      "t": 146,
      "action": "DUP",
      "K_rf": 1,
      "K_vlc": 1,
      "p_est": 0.8379018123204136,
      "snr_rf_true": 6.337353893155479,
      "snr_vlc_true": -15.0,
      "success": false
    },
    {
      "t": 147,
      "action": "DUP",
      "K_rf": 1,
      "K_vlc": 1,
      "p_est": 0.8124460648503103,
      "snr_rf_true": 6.3423588199523175,
      "snr_vlc_true": -15.0,
      "success": true
    },
    {
      "t": 148,
      "action": "DUP",
      "K_rf": 1,
      "K_vlc": 1,
      "p_est": 0.80283957601882,
      "snr_rf_true": 5.672180186494432,
      "snr_vlc_true": 11.857425353307645,
      "success": true
    },
    {
      "t": 149,
      "action": "DUP",
      "K_rf": 1,
      "K_vlc": 1,
      "p_est": 0.7819866364313091,
      "snr_rf_true": 4.641611065498578,
      "snr_vlc_true": 11.938707637163812,
      "success": true
    },
    {
      "t": 150,
      "action": "DUP",
      "K_rf": 1,
      "K_vlc": 1,
      "p_est": 0.6074716886850907,
      "snr_rf_true": 5.136308478221974,
      "snr_vlc_true": 11.579008620887372,
      "success": true
    },
    {
      "t": 151,
      "action": "DUP",
      "K_rf": 1,
      "K_vlc": 1,
      "p_est": 0.7703074654090496,
      "snr_rf_true": 4.194083484017955,
      "snr_vlc_true": 13.247271375360542,
      "success": true
    },
    {
      "t": 152,
      "action": "DUP",
      "K_rf": 1,
      "K_vlc": 1,
      "p_est": 0.9638719079908393,
      "snr_rf_true": 4.414709876867404,
      "snr_vlc_true": 13.66823410686112,
      "success": false
    },
    {
      "t": 153,
      "action": "DUP",
      "K_rf": 1,
      "K_vlc": 1,
      "p_est": 0.9436641619615792,
      "snr_rf_true": 4.262694786968105,
      "snr_vlc_true": 15.05171357675772,
      "success": true
    },
    {
      "t": 154,
      "action": "DUP",
      "K_rf": 1,
      "K_vlc": 1,
      "p_est": 0.970531213625055,
      "snr_rf_true": 3.9530350945198682,
      "snr_vlc_true": 15.264172782182495,
      "success": true
    },
    {
      "t": 155,
      "action": "DUP",
      "K_rf": 1,
      "K_vlc": 1,
      "p_est": 0.9363302024184299,
      "snr_rf_true": 4.627955685521112,
      "snr_vlc_true": 14.4823949102576,
      "success": true
    },
    {
      "t": 156,
      "action": "DUP",
      "K_rf": 1,
      "K_vlc": 1,
      "p_est": 0.9703143129286018,
      "snr_rf_true": 4.13896334850993,
      "snr_vlc_true": 16.133525911729915,
      "success": true
    },
    {
      "t": 157,
      "action": "DUP",
      "K_rf": 1,
      "K_vlc": 1,
      "p_est": 0.9783531618512167,
      "snr_rf_true": 5.028829671250018,
      "snr_vlc_true": -15.0,
      "success": false
    },
    {
      "t": 158,
      "action": "DUP",
      "K_rf": 1,
      "K_vlc": 1,
      "p_est": 0.8655964298491501,
      "snr_rf_true": 4.709027048875268,
      "snr_vlc_true": -15.0,
      "success": true
    },
    {
      "t": 159,
      "action": "DUP",
      "K_rf": 1,
      "K_vlc": 1,
      "p_est": 0.8163037766299004,
      "snr_rf_true": 4.917515982450078,
      "snr_vlc_true": -15.0,
      "success": false
    },
    {
      "t": 160,
      "action": "DUP",
      "K_rf": 1,
      "K_vlc": 1,
      "p_est": 0.7981315155625534,
      "snr_rf_true": 4.275339568109503,
      "snr_vlc_true": -15.0,
      "success": false
    },
    {
      "t": 161,
      "action": "DUP",
      "K_rf": 1,
      "K_vlc": 1,
      "p_est": 0.7941045325273983,
      "snr_rf_true": 4.604824504312405,
      "snr_vlc_true": -15.0,
      "success": false
    },
    {
      "t": 162,
      "action": "DUP",
      "K_rf": 1,
      "K_vlc": 1,
      "p_est": 0.7916843438274985,
      "snr_rf_true": 4.301922057367944,
      "snr_vlc_true": 14.574191631110637,
      "success": true
    },
    {
      "t": 163,
      "action": "DUP",
      "K_rf": 1,
      "K_vlc": 1,
      "p_est": 0.990458383345634,
      "snr_rf_true": 4.057460394349694,
      "snr_vlc_true": 14.810589478612686,
      "success": true
    },
    {
      "t": 164,
      "action": "DUP",
      "K_rf": 1,
      "K_vlc": 1,
      "p_est": 0.9688587743822533,
      "snr_rf_true": 4.78479099887274,
      "snr_vlc_true": 14.41549794284156,
      "success": true
    },
    {
      "t": 165,
      "action": "DUP",
      "K_rf": 1,
      "K_vlc": 1,
      "p_est": 0.9610721125217297,
      "snr_rf_true": 4.3688251160704255,
      "snr_vlc_true": 14.016165583532931,
      "success": true
    },
    {
      "t": 166,
      "action": "DUP",
      "K_rf": 1,
      "K_vlc": 1,
      "p_est": 0.9570286169144016,
      "snr_rf_true": 4.444247274195595,
      "snr_vlc_true": 13.468198576851957,
      "success": true
    },
    {
      "t": 167,
      "action": "DUP",
      "K_rf": 1,
      "K_vlc": 1,
      "p_est": 0.8604765410603925,
      "snr_rf_true": 4.538079157702574,
      "snr_vlc_true": 13.301862695452932,
      "success": true
    },
    {
      "t": 168,
      "action": "DUP",
      "K_rf": 1,
      "K_vlc": 1,
      "p_est": 0.8719092957728668,
      "snr_rf_true": 4.082948891665845,
      "snr_vlc_true": 13.430522376367662,
      "success": true
    },
    {
      "t": 169,
      "action": "DUP",
      "K_rf": 1,
      "K_vlc": 1,
      "p_est": 0.8798892075034925,
      "snr_rf_true": 4.2198033125999075,
      "snr_vlc_true": 12.709263675923955,
      "success": true
    },
    {
      "t": 170,
      "action": "DUP",
      "K_rf": 1,
      "K_vlc": 1,
      "p_est": 0.8797607916046317,
      "snr_rf_true": 5.546604714633086,
      "snr_vlc_true": 12.176225833997863,
      "success": true
    },
    {
      "t": 171,
      "action": "DUP",
      "K_rf": 1,
      "K_vlc": 1,
      "p_est": 0.8153954213742142,
      "snr_rf_true": 5.773911981959617,
      "snr_vlc_true": 12.316055864215311,
      "success": true
    },
    {
      "t": 172,
      "action": "DUP",
      "K_rf": 1,
      "K_vlc": 1,
      "p_est": 0.7929171822718908,
      "snr_rf_true": 6.080678432141285,
      "snr_vlc_true": 13.403564749223026,
      "success": true
    },
    {
      "t": 173,
      "action": "DUP",
      "K_rf": 1,
      "K_vlc": 1,
      "p_est": 0.8383579502930751,
      "snr_rf_true": 6.125093557517476,
      "snr_vlc_true": 13.394088780081013,
      "success": true
    },
    {
      "t": 174,
      "action": "DUP",
      "K_rf": 1,
      "K_vlc": 1,
      "p_est": 0.9364795993798503,
      "snr_rf_true": 6.090602801163583,
      "snr_vlc_true": 12.980522577046044,
      "success": true
    },
    {
      "t": 175,
      "action": "DUP",
      "K_rf": 1,
      "K_vlc": 1,
      "p_est": 0.8627153126065329,
      "snr_rf_true": 5.223790445463503,
      "snr_vlc_true": 12.945480446829686,
      "success": true
    },
    {
      "t": 176,
      "action": "DUP",
      "K_rf": 1,
      "K_vlc": 1,
      "p_est": 0.8350646207863043,
      "snr_rf_true": 5.638436489009663,
      "snr_vlc_true": 12.390653140464856,
      "success": true
    },
    {
      "t": 177,
      "action": "DUP",
      "K_rf": 1,
      "K_vlc": 1,
      "p_est": 0.7924365393943194,
      "snr_rf_true": 5.778687436241079,
      "snr_vlc_true": 12.80934939446858,
      "success": true
    },
    {
      "t": 178,
      "action": "DUP",
      "K_rf": 1,
      "K_vlc": 1,
      "p_est": 0.8156956328860245,
      "snr_rf_true": 6.165454972160517,
      "snr_vlc_true": 12.745990793170199,
      "success": true
    },
    {
      "t": 179,
      "action": "DUP",
      "K_rf": 1,
      "K_vlc": 1,
      "p_est": 0.763494882133485,
      "snr_rf_true": 5.628861776486767,
      "snr_vlc_true": 11.650357813938708,
      "success": true
    },
    {
      "t": 180,
      "action": "DUP",
      "K_rf": 1,
      "K_vlc": 1,
      "p_est": 0.6775522353168215,
      "snr_rf_true": 6.082483940380761,
      "snr_vlc_true": 11.582925186698146,
      "success": false
    },
    {
      "t": 181,
      "action": "DUP",
      "K_rf": 1,
      "K_vlc": 1,
      "p_est": 0.7486670550480353,
      "snr_rf_true": 5.118034218103697,
      "snr_vlc_true": 12.767051369668646,
      "success": false
    },
    {
      "t": 182,
      "action": "DUP",
      "K_rf": 1,
      "K_vlc": 1,
      "p_est": 0.8430925372737181,
      "snr_rf_true": 5.006715825018085,
      "snr_vlc_true": 13.553382696387892,
      "success": true
    },
    {
      "t": 183,
      "action": "DUP",
      "K_rf": 1,
      "K_vlc": 1,
      "p_est": 0.8590704004121529,
      "snr_rf_true": 5.220811022082035,
      "snr_vlc_true": 12.979282082547154,
      "success": true
    },
    {
      "t": 184,
      "action": "DUP",
      "K_rf": 1,
      "K_vlc": 1,
      "p_est": 0.8705070844593473,
      "snr_rf_true": 4.763318548334155,
      "snr_vlc_true": -15.0,
      "success": false
    },
    {
      "t": 185,
      "action": "DUP",
      "K_rf": 1,
      "K_vlc": 1,
      "p_est": 0.8086457227281498,
      "snr_rf_true": 4.99469145610529,
      "snr_vlc_true": -15.0,
      "success": false
    },
    {
      "t": 186,
      "action": "DUP",
      "K_rf": 1,
      "K_vlc": 1,
      "p_est": 0.792624079262596,
      "snr_rf_true": 4.486929874061126,
      "snr_vlc_true": -15.0,
      "success": false
    },
    {
      "t": 187,
      "action": "DUP",
      "K_rf": 1,
      "K_vlc": 1,
      "p_est": 0.7839243143486914,
      "snr_rf_true": 5.939835917132395,
      "snr_vlc_true": 12.364607159503107,
      "success": false
    },
    {
      "t": 188,
      "action": "DUP",
      "K_rf": 1,
      "K_vlc": 1,
      "p_est": 0.6282981852921523,
      "snr_rf_true": 5.7366167519872295,
      "snr_vlc_true": 12.80316078987924,
      "success": true
    },
    {
      "t": 189,
      "action": "DUP",
      "K_rf": 1,
      "K_vlc": 1,
      "p_est": 0.8079004387846187,
      "snr_rf_true": 6.385810507843477,
      "snr_vlc_true": 13.705344306904205,
      "success": true
    },
    {
      "t": 190,
      "action": "DUP",
      "K_rf": 1,
      "K_vlc": 1,
      "p_est": 0.9001169484644933,
      "snr_rf_true": 4.758880839447971,
      "snr_vlc_true": 13.823642697826354,
      "success": true
    },
    {
      "t": 191,
      "action": "DUP",
      "K_rf": 1,
      "K_vlc": 1,
      "p_est": 0.8351949188630621,
      "snr_rf_true": 4.698854108357181,
      "snr_vlc_true": 13.193043675982494,
      "success": true
    },
    {
      "t": 192,
      "action": "DUP",
      "K_rf": 1,
      "K_vlc": 1,
      "p_est": 0.8390570320749524,
      "snr_rf_true": 4.649332028544377,
      "snr_vlc_true": 13.542142006792947,
      "success": true
    },
    {
      "t": 193,
      "action": "DUP",
      "K_rf": 1,
      "K_vlc": 1,
      "p_est": 0.9305486461089393,
      "snr_rf_true": 4.532267300518443,
      "snr_vlc_true": 12.463835333086418,
      "success": true
    },
    {
      "t": 194,
      "action": "DUP",
      "K_rf": 1,
      "K_vlc": 1,
      "p_est": 0.8079087720843902,
      "snr_rf_true": 3.9850849915059974,
      "snr_vlc_true": -15.0,
      "success": false
    },
    {
      "t": 195,
      "action": "DUP",
      "K_rf": 1,
      "K_vlc": 1,
      "p_est": 0.7871482322798072,
      "snr_rf_true": 3.6846241590500988,
      "snr_vlc_true": -15.0,
      "success": false
    },
    {
      "t": 196,
      "action": "DUP",
      "K_rf": 1,
      "K_vlc": 1,
      "p_est": 0.7833431128404491,
      "snr_rf_true": 4.314621335563112,
      "snr_vlc_true": -15.0,
      "success": false
    },
    {
      "t": 197,
      "action": "DUP",
      "K_rf": 1,
      "K_vlc": 1,
      "p_est": 0.7813431319931272,
      "snr_rf_true": 4.364004994818284,
      "snr_vlc_true": -15.0,
      "success": true
    },
    {
      "t": 198,
      "action": "DUP",
      "K_rf": 1,
      "K_vlc": 1,
      "p_est": 0.7866030203933765,
      "snr_rf_true": 4.682715990998267,
      "snr_vlc_true": -15.0,
      "success": false
    },
    {
      "t": 199,
      "action": "DUP",
      "K_rf": 1,
      "K_vlc": 1,
      "p_est": 0.782227724559324,
      "snr_rf_true": 4.680363646838175,
      "snr_vlc_true": 12.160513713736348,
      "success": true
    }
  ]
}